series	config	cores	rep	elapsed	maxres	prod
parallel	N1000-seq	1	1	4.803	185808104	62.5%
parallel	N1000-seq	1	2	4.888	185808104	63.2%
parallel	N1000-seq	1	3	4.941	185808104	63.1%
parallel	N1000-seq	1	4	4.952	185808104	62.9%
parallel	N1000-seq	1	5	5.066	185808104	62.5%
parallel	N1000-par16	1	1	5.689	254398152	54.0%
parallel	N1000-par16	1	2	5.667	254398152	54.2%
parallel	N1000-par16	1	3	5.792	254398152	54.5%
parallel	N1000-par16	1	4	5.792	255006160	55.1%
parallel	N1000-par16	1	5	5.729	254398152	54.5%
parallel	N1000-par16	4	1	2.885	190770096	60.4%
parallel	N1000-par16	4	2	2.850	208611808	59.4%
parallel	N1000-par16	4	3	2.868	194316688	59.3%
parallel	N1000-par16	4	4	2.914	209570240	59.4%
parallel	N1000-par16	4	5	2.878	191126784	59.5%
parallel	N1000-par16	8	1	3.288	226228424	56.4%
parallel	N1000-par16	8	2	3.229	226853864	55.3%
parallel	N1000-par16	8	3	3.332	244485080	56.3%
parallel	N1000-par16	8	4	3.303	226813184	56.3%
parallel	N1000-par16	8	5	3.216	233400992	56.1%
parallel	N1000-par16	10	1	3.448	243651784	57.8%
parallel	N1000-par16	10	2	3.246	243811616	53.7%
parallel	N1000-par16	10	3	3.241	243812720	56.1%
parallel	N1000-par16	10	4	3.374	240772424	55.6%
parallel	N1000-par16	10	5	3.311	240791768	54.7%
parallel	N1000-par16	12	1	3.505	243724424	61.8%
parallel	N1000-par16	12	2	3.404	244585200	60.4%
parallel	N1000-par16	12	3	3.589	243729240	61.7%
parallel	N1000-par16	12	4	3.492	243784448	61.4%
parallel	N1000-par16	12	5	3.576	243724928	61.6%
parallel	N1000-par16	14	1	3.611	241696384	60.9%
parallel	N1000-par16	14	2	3.605	243767864	60.6%
parallel	N1000-par16	14	3	3.517	241634544	61.5%
parallel	N1000-par16	14	4	3.554	243734840	61.6%
parallel	N1000-par16	14	5	3.427	243094016	60.9%
scaling	N200-K20-T50-seq-double	4	1	0.730	43703336	67.8%
scaling	N200-K20-T50-seq-double	4	2	0.726	43703224	67.4%
scaling	N200-K20-T50-seq-double	4	3	0.749	43703336	68.2%
scaling	N200-K20-T50-seq-double	4	4	0.739	43703208	67.7%
scaling	N200-K20-T50-seq-double	4	5	0.755	42747496	68.6%
scaling	N500-K20-T50-seq-double	4	1	2.096	106100760	62.9%
scaling	N500-K20-T50-seq-double	4	2	2.042	105161088	62.7%
scaling	N500-K20-T50-seq-double	4	3	2.102	106100888	61.8%
scaling	N500-K20-T50-seq-double	4	4	2.066	105161288	62.8%
scaling	N500-K20-T50-seq-double	4	5	2.072	105161008	63.1%
scaling	N1000-K20-T50-seq-double	4	1	4.844	260688240	56.5%
scaling	N1000-K20-T50-seq-double	4	2	4.665	260688688	56.4%
scaling	N1000-K20-T50-seq-double	4	3	4.638	260688384	55.4%
scaling	N1000-K20-T50-seq-double	4	4	4.544	185840752	60.2%
scaling	N1000-K20-T50-seq-double	4	5	4.556	259385056	56.3%
scaling	N2000-K20-T50-seq-double	4	1	10.046	414834192	55.5%
scaling	N2000-K20-T50-seq-double	4	2	10.396	414834448	56.6%
scaling	N2000-K20-T50-seq-double	4	3	10.699	414834256	52.4%
scaling	N2000-K20-T50-seq-double	4	4	10.163	414834512	55.8%
scaling	N2000-K20-T50-seq-double	4	5	10.180	414834272	55.9%
valuetype	N200-double	4	1	0.738	43703288	68.0%
valuetype	N200-double	4	2	0.735	43703336	67.9%
valuetype	N200-double	4	3	0.794	43703320	66.5%
valuetype	N200-double	4	4	0.749	43703464	68.1%
valuetype	N200-double	4	5	0.751	43703464	68.6%
valuetype	N200-decimal	4	1	5.200	41425816	91.3%
valuetype	N200-decimal	4	2	4.977	41862560	91.1%
valuetype	N200-decimal	4	3	5.194	41651216	91.4%
valuetype	N200-decimal	4	4	5.275	41351432	91.2%
valuetype	N200-decimal	4	5	5.533	41724944	91.7%
valuetype	N1000-double	4	1	4.687	260579216	57.2%
valuetype	N1000-double	4	2	4.620	260688400	56.2%
valuetype	N1000-double	4	3	4.665	260688304	56.4%
valuetype	N1000-double	4	4	4.605	260688480	55.8%
valuetype	N1000-double	4	5	4.652	260688256	56.7%
valuetype	N1000-decimal	4	1	29.291	237465096	89.3%
valuetype	N1000-decimal	4	2	25.941	237543240	87.4%
valuetype	N1000-decimal	4	3	29.047	237543520	89.1%
valuetype	N1000-decimal	4	4	28.403	237543104	88.3%
valuetype	N1000-decimal	4	5	27.258	237543480	88.3%
memory	N1000-retainAll	4	1	5.264	260688496	57.3%
memory	N1000-retainAll	4	2	4.890	260688240	57.3%
memory	N1000-retainAll	4	3	4.749	260688640	56.2%
memory	N1000-retainAll	4	4	4.868	260710176	56.0%
memory	N1000-retainAll	4	5	4.661	260688432	56.2%
memory	N1000-recent2-spill	4	1	8.494	15556848	51.7%
memory	N1000-recent2-spill	4	2	8.445	15557000	51.8%
memory	N1000-recent2-spill	4	3	8.218	15557288	50.7%
memory	N1000-recent2-spill	4	4	8.008	15557184	49.7%
memory	N1000-recent2-spill	4	5	8.476	15555112	50.7%
heavy	N1000-heavy-seq	1	1	31.881	204027824	89.1%
heavy	N1000-heavy-seq	1	2	29.397	204027824	88.4%
heavy	N1000-heavy-seq	1	3	30.004	204027824	88.6%
heavy	N1000-heavy-seq	1	4	29.506	204027824	88.5%
heavy	N1000-heavy-seq	1	5	30.538	204027824	88.8%
heavy	N1000-heavy-par16	4	1	10.824	255189312	88.8%
heavy	N1000-heavy-par16	4	2	0.084	12621720	66.4%
heavy	N1000-heavy-par16	4	3	0.102	12055072	67.1%
heavy	N1000-heavy-par16	4	4	0.102	12765816	61.8%
heavy	N1000-heavy-par16	4	5	9.889	259883256	87.1%
heavy	N1000-heavy-par16	8	1	0.581	11916608	57.2%
heavy	N1000-heavy-par16	8	2	7.096	228772656	86.3%
heavy	N1000-heavy-par16	8	3	6.821	220275400	86.3%
heavy	N1000-heavy-par16	8	4	7.051	229928824	86.5%
heavy	N1000-heavy-par16	8	5	6.861	230536224	86.1%
heavy	N1000-heavy-par16	10	1	6.154	191959032	87.0%
heavy	N1000-heavy-par16	10	2	6.566	227556200	87.1%
heavy	N1000-heavy-par16	10	3	6.324	253729592	86.1%
heavy	N1000-heavy-par16	10	4	6.512	217470664	87.5%
heavy	N1000-heavy-par16	10	5	6.335	261229936	86.0%
heavy	N1000-heavy-par16	12	1	6.393	195242432	88.8%
heavy	N1000-heavy-par16	12	2	6.270	261491856	87.5%
heavy	N1000-heavy-par16	12	3	6.113	261183696	87.0%
heavy	N1000-heavy-par16	12	4	0.576	13236968	58.5%
heavy	N1000-heavy-par16	12	5	6.185	200365824	87.9%
heavy	N1000-heavy-par16	14	1	0.575	12397952	64.3%
heavy	N1000-heavy-par16	14	2	0.586	11242032	63.6%
heavy	N1000-heavy-par16	14	3	0.094	12146984	62.2%
heavy	N1000-heavy-par16	14	4	0.579	12597824	62.2%
heavy	N1000-heavy-par16	14	5	6.267	260332120	88.2%
scalingext	N4000-K20-T50-seq-double	4	1	23.159	871393952	52.7%
scalingext	N4000-K20-T50-seq-double	4	2	23.267	880724104	53.4%
scalingext	N4000-K20-T50-seq-double	4	3	22.771	878337344	51.8%
scalingext	N4000-K20-T50-seq-double	4	4	23.370	864873880	53.5%
scalingext	N4000-K20-T50-seq-double	4	5	23.239	864873856	53.2%
scalingext	N8000-K20-T50-seq-double	4	1	54.391	2005797840	50.7%
scalingext	N8000-K20-T50-seq-double	4	2	58.770	1957931224	47.2%
scalingext	N8000-K20-T50-seq-double	4	3	56.367	2005797840	50.3%
scalingext	N8000-K20-T50-seq-double	4	4	56.256	2063905264	51.0%
scalingext	N8000-K20-T50-seq-double	4	5	56.055	1957931880	51.8%
scalingext	N16000-K20-T50-seq-double	4	1	130.864	3593250008	52.0%
scalingext	N16000-K20-T50-seq-double	4	2	127.692	3591087624	51.5%
scalingext	N16000-K20-T50-seq-double	4	3	128.316	3591086600	51.9%
scalingext	N16000-K20-T50-seq-double	4	4	126.729	3593250792	51.1%
scalingext	N16000-K20-T50-seq-double	4	5	128.362	3593251528	51.0%
scalingext	N32000-K20-T50-seq-double	4	1	319.175	7253003376	51.8%
scalingext	N32000-K20-T50-seq-double	4	2	303.287	7289848856	51.1%
scalingext	N32000-K20-T50-seq-double	4	3	302.195	7261340720	50.8%
scalingext	N32000-K20-T50-seq-double	4	4	310.427	7260905752	52.4%
scalingext	N32000-K20-T50-seq-double	4	5	302.437	7297754616	51.0%
scalingext	N64000-K20-T50-seq-double	4	1	770.490	13683452656	54.7%
scalingext	N64000-K20-T50-seq-double	4	2	770.377	13706740352	54.0%
scalingext	N64000-K20-T50-seq-double	4	3	768.603	13706744344	54.5%
scalingext	N64000-K20-T50-seq-double	4	4	779.181	13680163136	54.9%
scalingext	N64000-K20-T50-seq-double	4	5	751.236	13683449984	53.9%
