kind,index,value
CPI0,,1.00000000000000022e+00
DPI0,,1.00000000000000000e+00
EG0,,7.44880892698173014e+00
EH0,HLSLOW,1.02905538258374979e-01
EH0,HLSUPP,7.21422195385352172e+00
EH0,HSHHLD,1.74633517811258754e+00
EH0,HURBLOW,2.10258240074464320e+00
EH0,HURBUPP,9.00012474962215592e+00
EXR0,,1.00000000000000000e+00
FSAV0,,1.55569876961203635e+00
GADJ0,,1.00000000000000000e+00
GOVSHR0,,1.56053856832822219e-01
GSAV0,,-5.04000000000000004e-01
IADJ0,,1.00000000000000000e+00
INVSHR0,,1.84710539485952230e-01
MPS0,ENTR,9.32507406487941976e-02
MPS0,HLSLOW,3.22355321923995450e-02
MPS0,HLSUPP,1.56757580326024548e-01
MPS0,HSHHLD,3.90438187904431772e-02
MPS0,HURBLOW,8.54176387956852162e-02
MPS0,HURBUPP,1.85112011204901949e-01
PA0,AAGEX,1.00000000000000000e+00
PA0,AAGFO,1.00000000000000000e+00
PA0,AAGOT,1.00000000000000000e+00
PA0,AMINE,1.00000000000000000e+00
PA0,ANAFO,1.00000000000000000e+00
PA0,ANAHI,1.00000000000000000e+00
PA0,ANALM,1.00000000000000000e+00
PA0,ANASE,1.00000000000000000e+00
PDD0,CAGEX,1.00000000000000000e+00
PDD0,CAGFO,1.00000000000000000e+00
PDD0,CAGOT,1.00000000000000000e+00
PDD0,CMINE,1.00000000000000000e+00
PDD0,CNAFO,1.00000000000000000e+00
PDD0,CNAHI,1.00000000000000000e+00
PDD0,CNALM,1.00000000000000000e+00
PDD0,CNASE,1.00000000000000000e+00
PDS0,CAGEX,1.00000000000000000e+00
PDS0,CAGFO,1.00000000000000000e+00
PDS0,CAGOT,1.00000000000000000e+00
PDS0,CMINE,1.00000000000000000e+00
PDS0,CNAFO,1.00000000000000000e+00
PDS0,CNAHI,1.00000000000000000e+00
PDS0,CNALM,1.00000000000000000e+00
PDS0,CNASE,1.00000000000000000e+00
PE0,CAGEX,1.00000000000000000e+00
PE0,CAGFO,1.00000000000000000e+00
PE0,CAGOT,1.00000000000000000e+00
PE0,CMINE,1.00000000000000000e+00
PE0,CNAFO,1.00000000000000000e+00
PE0,CNALM,1.00000000000000000e+00
PE0,CNASE,1.00000000000000000e+00
PINTA0,AAGEX,1.00000000000000022e+00
PINTA0,AAGFO,1.00000000000000044e+00
PINTA0,AAGOT,1.00000000000000022e+00
PINTA0,AMINE,1.00000000000000044e+00
PINTA0,ANAFO,1.00000000000000022e+00
PINTA0,ANAHI,1.00000000000000044e+00
PINTA0,ANALM,1.00000000000000022e+00
PINTA0,ANASE,1.00000000000000022e+00
PM0,CAGEX,1.00000000000000000e+00
PM0,CAGFO,1.00000000000000000e+00
PM0,CAGOT,1.00000000000000000e+00
PM0,CMINE,1.00000000000000000e+00
PM0,CNAFO,1.00000000000000000e+00
PM0,CNAHI,1.00000000000000000e+00
PM0,CNALM,1.00000000000000000e+00
PM0,CNASE,1.00000000000000000e+00
PQ0,CAGEX,1.00000000000000022e+00
PQ0,CAGFO,1.00000000000000000e+00
PQ0,CAGOT,9.99999999999999778e-01
PQ0,CMINE,1.00000000000000067e+00
PQ0,CNAFO,1.00000000000000022e+00
PQ0,CNAHI,9.99999999999999778e-01
PQ0,CNALM,1.00000000000000044e+00
PQ0,CNASE,1.00000000000000022e+00
PVA0,AAGEX,1.00000000000000000e+00
PVA0,AAGFO,1.00000000000000000e+00
PVA0,AAGOT,1.00000000000000000e+00
PVA0,AMINE,1.00000000000000000e+00
PVA0,ANAFO,1.00000000000000000e+00
PVA0,ANAHI,1.00000000000000000e+00
PVA0,ANALM,1.00000000000000000e+00
PVA0,ANASE,1.00000000000000000e+00
PWE0,CAGEX,1.00000000000000000e+00
PWE0,CAGFO,1.00000000000000000e+00
PWE0,CAGOT,1.00000000000000000e+00
PWE0,CMINE,1.00000000000000000e+00
PWE0,CNAFO,1.00000000000000000e+00
PWE0,CNALM,1.00000000000000000e+00
PWE0,CNASE,1.00000000000000000e+00
PWM0,CAGEX,7.62987623886335786e-01
PWM0,CAGFO,8.12892709652150880e-01
PWM0,CMINE,7.94698695927310239e-01
PWM0,CNAFO,7.99360428712068805e-01
PWM0,CNALM,8.07914097839633083e-01
PWM0,CNASE,8.94472173381123614e-01
PX0,CAGEX,1.00000000000000000e+00
PX0,CAGFO,1.00000000000000000e+00
PX0,CAGOT,1.00000000000000000e+00
PX0,CMINE,1.00000000000000000e+00
PX0,CNAFO,1.00000000000000000e+00
PX0,CNAHI,1.00000000000000000e+00
PX0,CNALM,1.00000000000000000e+00
PX0,CNASE,1.00000000000000000e+00
PXAC0,AAGEX.CAGEX,1.00000000000000000e+00
PXAC0,AAGFO.CAGFO,1.00000000000000000e+00
PXAC0,AAGOT.CAGOT,1.00000000000000000e+00
PXAC0,AMINE.CMINE,1.00000000000000000e+00
PXAC0,ANAFO.CNAFO,1.00000000000000000e+00
PXAC0,ANAHI.CNAHI,1.00000000000000000e+00
PXAC0,ANALM.CNALM,1.00000000000000000e+00
PXAC0,ANASE.CNASE,1.00000000000000000e+00
QA0,AAGEX,4.39601387558160983e+00
QA0,AAGFO,1.18663000435853694e+00
QA0,AAGOT,2.27899079943089289e+00
QA0,AMINE,2.28541157648941251e+00
QA0,ANAFO,5.39988240691101495e+00
QA0,ANAHI,4.26304525057395711e+00
QA0,ANALM,1.33644790180860600e+01
QA0,ANASE,1.97645922740190834e+01
QD0,CAGEX,1.54548473824552079e+00
QD0,CAGFO,1.09488870880474454e+00
QD0,CAGOT,2.25230015530577532e+00
QD0,CMINE,1.39473391753998710e+00
QD0,CNAFO,5.21973396694066150e+00
QD0,CNAHI,4.26304525057395800e+00
QD0,CNALM,1.19215562875769177e+01
QD0,CNASE,1.81678597785067701e+01
QE0,CAGEX,2.85052913733608904e+00
QE0,CAGFO,9.17412955537925678e-02
QE0,CAGOT,2.66906441251177108e-02
QE0,CMINE,8.90677658949424966e-01
QE0,CNAFO,1.80148439970353180e-01
QE0,CNALM,1.44292273050914055e+00
QE0,CNASE,1.59673249551231322e+00
QF0,CAPLSC.AAGEX,1.21893811342545200e+00
QF0,CAPLSC.AAGFO,2.06270455485939336e-01
QF0,CAPLSC.AAGOT,2.91159158515629568e-01
QF0,CAPOT.AMINE,8.19451250687726507e-01
QF0,CAPOT.ANAFO,1.67551631268051304e+00
QF0,CAPOT.ANAHI,6.53660746947940852e-01
QF0,CAPOT.ANALM,2.88173553590566334e+00
QF0,CAPOT.ANASE,4.81343428344494306e+00
QF0,CAPSH.AAGEX,3.71910668290770935e-02
QF0,CAPSH.AAGFO,8.71738372132726397e-02
QF0,CAPSH.AAGOT,1.38910017437707811e-01
QF0,LABSK.AAGEX,1.64830000000000011e-02
QF0,LABSK.AAGFO,1.67500000000000006e-03
QF0,LABSK.AAGOT,2.37400000000000024e-03
QF0,LABSK.AMINE,1.02410000000000001e-02
QF0,LABSK.ANAFO,7.71800000000000003e-03
QF0,LABSK.ANAHI,2.28850000000000026e-02
QF0,LABSK.ANALM,5.56240000000000068e-02
QF0,LABSK.ANASE,1.90550999999999998e-01
QF0,LABUSKF.AMINE,3.16340000000000024e-02
QF0,LABUSKF.ANAFO,2.65220000000000004e-02
QF0,LABUSKF.ANAHI,6.75520000000000148e-02
QF0,LABUSKF.ANALM,1.44329000000000013e-01
QF0,LABUSKF.ANASE,3.99096000000000006e-01
QF0,LABUSKIF.AAGEX,1.37808999999999987e-01
QF0,LABUSKIF.AAGFO,2.62674999999999992e-01
QF0,LABUSKIF.AAGOT,3.90695000000000014e-01
QF0,LABUSKIF.ANAHI,6.21420000000000028e-02
QF0,LABUSKIF.ANALM,4.14293000000000022e-01
QF0,LABUSKIF.ANASE,1.25038600000000000e+00
QF0,LABUSKLS.AAGEX,1.85013000000000011e-01
QF0,LABUSKLS.AAGFO,4.49880000000000002e-02
QF0,LABUSKLS.AAGOT,5.36649999999999974e-02
QF0,LANDLS.AAGEX,1.63221000000000005e-01
QF0,LANDLS.AAGFO,3.22243000000000002e-01
QF0,LANDLS.AAGOT,1.50900000000000010e-02
QF0,LANDSH.AAGEX,3.75699999999999978e-01
QF0,LANDSH.AAGFO,2.48609999999999998e+00
QFS0,CAPLSC,1.71636772742702082e+00
QFS0,CAPOT,1.08437981296667871e+01
QFS0,CAPSH,2.63274921480057544e-01
QFS0,LABSK,3.07551000000000019e-01
QFS0,LABUSKF,6.69133000000000089e-01
QFS0,LABUSKIF,2.51799999999999979e+00
QFS0,LABUSKLS,2.83666000000000029e-01
QFS0,LANDLS,5.00554000000000054e-01
QFS0,LANDSH,2.86180000000000012e+00
QG0,CNAFO,4.14188102580116194e-02
QG0,CNAHI,2.14643323309482020e-02
QG0,CNALM,2.51796809231907615e-01
QG0,CNASE,4.45904367669036450e+00
QH0,CAGEX.HSHHLD,8.00063984774016801e-02
QH0,CAGFO.HLSLOW,2.19351622241052285e-02
QH0,CAGFO.HLSUPP,6.13489789487577930e-02
QH0,CAGFO.HSHHLD,4.03068318477110443e-01
QH0,CAGFO.HURBLOW,2.71450080691899409e-01
QH0,CAGFO.HURBUPP,1.34408109626385802e-01
QH0,CAGOT.HLSLOW,1.43742874618978094e-02
QH0,CAGOT.HLSUPP,3.62849767968895620e-01
QH0,CAGOT.HSHHLD,3.63583913299058425e-01
QH0,CAGOT.HURBLOW,1.75891924384263321e-01
QH0,CAGOT.HURBUPP,5.22866823128175090e-02
QH0,CNAFO.HLSLOW,2.34323383614619338e-02
QH0,CNAFO.HLSUPP,1.76262736367929418e+00
QH0,CNAFO.HSHHLD,2.52684423001791780e-01
QH0,CNAFO.HURBLOW,5.49841191082358738e-01
QH0,CNAFO.HURBUPP,2.05436656930070027e+00
QH0,CNAHI.HLSLOW,2.31688000236709079e-03
QH0,CNAHI.HLSUPP,1.15530399475469586e-01
QH0,CNAHI.HSHHLD,1.23456167696232993e-02
QH0,CNAHI.HURBLOW,7.20759800127638572e-02
QH0,CNAHI.HURBUPP,4.06548739922990843e-01
QH0,CNALM.HLSLOW,3.09434298125684029e-02
QH0,CNALM.HLSUPP,2.62693750434041684e+00
QH0,CNALM.HSHHLD,3.84651747139682143e-01
QH0,CNALM.HURBLOW,7.19683034253466469e-01
QH0,CNALM.HURBUPP,3.66293961535826496e+00
QH0,CNASE.HLSLOW,9.90344039597450439e-03
QH0,CNASE.HLSUPP,2.28492793944068584e+00
QH0,CNASE.HSHHLD,2.49994760947919448e-01
QH0,CNASE.HURBLOW,3.13640190319890988e-01
QH0,CNASE.HURBUPP,2.68957503310099488e+00
QINT0,CAGEX.ANAFO,3.43486977995110965e-01
QINT0,CAGEX.ANALM,1.13660795880304244e+00
QINT0,CAGEX.ANASE,8.31207483531979860e-03
QINT0,CAGFO.ANAFO,2.44912846342145302e-01
QINT0,CAGOT.AAGEX,8.12717383221093007e-03
QINT0,CAGOT.AAGOT,2.44607747668247111e-01
QINT0,CAGOT.ANAFO,8.24177706399997878e-01
QINT0,CAGOT.ANALM,1.44230452624237449e-01
QINT0,CAGOT.ANASE,9.24764993541493802e-02
QINT0,CMINE.AMINE,9.27740925135994710e-02
QINT0,CMINE.ANAFO,4.10060007792113559e-02
QINT0,CMINE.ANAHI,3.09840298871994990e-01
QINT0,CMINE.ANALM,9.60536316560656300e-01
QINT0,CMINE.ANASE,1.18936468332631939e-01
QINT0,CNAFO.AAGEX,7.33921015430799573e-02
QINT0,CNAFO.AAGFO,2.43561673735770562e-02
QINT0,CNAFO.AAGOT,3.40582984150951174e-01
QINT0,CNAFO.ANAFO,2.65005068585860259e-01
QINT0,CNAFO.ANALM,4.15493294754032752e-02
QINT0,CNAFO.ANASE,1.56795334885876853e-01
QINT0,CNAHI.AAGEX,3.92752977839477824e-02
QINT0,CNAHI.AAGFO,1.07101661427274637e-02
QINT0,CNAHI.AAGOT,3.13024418290462000e-02
QINT0,CNAHI.AMINE,4.92646135081599226e-02
QINT0,CNAHI.ANAFO,2.77770999164440834e-02
QINT0,CNAHI.ANAHI,3.07022251446942784e-01
QINT0,CNAHI.ANALM,9.57697586743775642e-02
QINT0,CNAHI.ANASE,2.97569937686093078e-01
QINT0,CNALM.AAGEX,4.57895710209531626e-01
QINT0,CNALM.AAGFO,2.21262657712936600e-01
QINT0,CNALM.AAGOT,1.49948715964379670e-01
QINT0,CNALM.AMINE,5.25444095103546394e-01
QINT0,CNALM.ANAFO,4.22485686946936112e-01
QINT0,CNALM.ANAHI,1.49824871414762506e+00
QINT0,CNALM.ANALM,3.16744276789108126e+00
QINT0,CNALM.ANASE,4.07413295461013725e+00
QINT0,CNASE.AAGEX,1.34531703022384996e+00
QINT0,CNASE.AAGFO,1.93896789774225781e-01
QINT0,CNASE.AAGOT,4.73749037117443983e-01
QINT0,CNASE.AMINE,3.43626431346293171e-01
QINT0,CNASE.ANAFO,1.32044649553192794e+00
QINT0,CNASE.ANAHI,4.10491910656391401e-01
QINT0,CNASE.ANALM,2.16130038122954460e+00
QINT0,CNASE.ANASE,2.08600052514501222e+00
QINTA0,AAGEX,1.92400731359262034e+00
QINTA0,AAGFO,4.50225781003466885e-01
QINTA0,AAGOT,1.24019092673006814e+00
QINTA0,AMINE,1.01110923247159890e+00
QINTA0,ANAFO,3.48929788249763373e+00
QINTA0,ANAHI,2.52560317512295418e+00
QINTA0,ANALM,7.70743696525834299e+00
QINTA0,ANASE,6.83422379484922082e+00
QINV0,CAGOT,-3.03060000000000100e-02
QINV0,CNAFO,-1.65862999999999983e-01
QINV0,CNAHI,2.77407173507205584e+00
QINV0,CNALM,2.74146639435983364e+00
QINV0,CNASE,3.30969059413760314e-01
QM0,CAGEX,2.29286718653544073e-02
QM0,CAGFO,4.22347875056593991e-02
QM0,CMINE,1.28359259518106950e-01
QM0,CNAFO,2.00454714757706182e-01
QM0,CNALM,9.01372354950540355e+00
QM0,CNASE,5.05022922827509602e-01
QQ0,CAGEX,1.56841341011087509e+00
QQ0,CAGFO,1.13712349631040399e+00
QQ0,CAGOT,2.25230015530577532e+00
QQ0,CMINE,1.52309317705809399e+00
QQ0,CNAFO,5.42018868169836754e+00
QQ0,CNAHI,4.26304525057395800e+00
QQ0,CNALM,2.09352798370823194e+01
QQ0,CNASE,1.86728827013342809e+01
QVA0,AAGEX,2.36506963305897600e+00
QVA0,AAGFO,7.59580223355069917e-01
QVA0,AAGOT,9.00778969152292497e-01
QVA0,AMINE,1.18409129875060071e+00
QVA0,ANAFO,1.95481052441338110e+00
QVA0,ANAHI,1.51845326296214123e+00
QVA0,ANALM,5.17790503831361626e+00
QVA0,ANASE,1.24147340839014788e+01
QX0,CAGEX,4.39601387558160983e+00
QX0,CAGFO,1.18663000435853716e+00
QX0,CAGOT,2.27899079943089289e+00
QX0,CMINE,2.28541157648941207e+00
QX0,CNAFO,5.39988240691101495e+00
QX0,CNAHI,4.26304525057395800e+00
QX0,CNALM,1.33644790180860582e+01
QX0,CNASE,1.97645922740190834e+01
QXAC0,AAGEX.CAGEX,4.39601387558160983e+00
QXAC0,AAGFO.CAGFO,1.18663000435853716e+00
QXAC0,AAGOT.CAGOT,2.27899079943089289e+00
QXAC0,AMINE.CMINE,2.28541157648941207e+00
QXAC0,ANAFO.CNAFO,5.39988240691101495e+00
QXAC0,ANAHI.CNAHI,4.26304525057395800e+00
QXAC0,ANALM.CNALM,1.33644790180860582e+01
QXAC0,ANASE.CNASE,1.97645922740190834e+01
RHOAC,CAGEX,-7.50000000000000000e-01
RHOAC,CAGFO,-7.50000000000000000e-01
RHOAC,CAGOT,-7.50000000000000000e-01
RHOAC,CMINE,-7.50000000000000000e-01
RHOAC,CNAFO,-7.50000000000000000e-01
RHOAC,CNAHI,-7.50000000000000000e-01
RHOAC,CNALM,-7.50000000000000000e-01
RHOAC,CNASE,-7.50000000000000000e-01
SAM,AAGEX.CAGEX,4.39601387558160983e+00
SAM,AAGEX.TOTAL,4.39601387558160983e+00
SAM,AAGFO.CAGFO,1.18663000435853716e+00
SAM,AAGFO.TOTAL,1.18663000435853716e+00
SAM,AAGOT.CAGOT,2.27899079943089289e+00
SAM,AAGOT.TOTAL,2.27899079943089289e+00
SAM,AMINE.CMINE,2.28541157648941207e+00
SAM,AMINE.TOTAL,2.28541157648941207e+00
SAM,ANAFO.CNAFO,5.39988240691101495e+00
SAM,ANAFO.TOTAL,5.39988240691101495e+00
SAM,ANAHI.CNAHI,4.26304525057395800e+00
SAM,ANAHI.TOTAL,4.26304525057395800e+00
SAM,ANALM.CNALM,1.33644790180860582e+01
SAM,ANALM.TOTAL,1.33644790180860582e+01
SAM,ANASE.CNASE,1.97645922740190834e+01
SAM,ANASE.TOTAL,1.97645922740190834e+01
SAM,ATAX.AAGEX,1.06936928930013053e-01
SAM,ATAX.AAGFO,-2.31759999999999987e-02
SAM,ATAX.AAGOT,1.38020903548532331e-01
SAM,ATAX.AMINE,9.02110452672124641e-02
SAM,ATAX.ANAFO,-4.42260000000000014e-02
SAM,ATAX.ANAHI,2.18988812488860596e-01
SAM,ATAX.ANALM,4.79137014514098347e-01
SAM,ATAX.ANASE,5.15634395268381618e-01
SAM,ATAX.TOTAL,1.48152710001709842e+00
SAM,CAGEX.ANAFO,3.43486977995111020e-01
SAM,CAGEX.ANALM,1.13660795880304266e+00
SAM,CAGEX.ANASE,8.31207483531980033e-03
SAM,CAGEX.HSHHLD,8.00063984774016940e-02
SAM,CAGEX.ROW,2.85052913733608904e+00
SAM,CAGEX.TOTAL,4.41894254744696457e+00
SAM,CAGFO.ANAFO,2.44912846342145302e-01
SAM,CAGFO.HLSLOW,2.19351622241052285e-02
SAM,CAGFO.HLSUPP,6.13489789487577930e-02
SAM,CAGFO.HSHHLD,4.03068318477110443e-01
SAM,CAGFO.HURBLOW,2.71450080691899409e-01
SAM,CAGFO.HURBUPP,1.34408109626385802e-01
SAM,CAGFO.ROW,9.17412955537925678e-02
SAM,CAGFO.TOTAL,1.22886479186419662e+00
SAM,CAGOT.AAGEX,8.12717383221092833e-03
SAM,CAGOT.AAGOT,2.44607747668247055e-01
SAM,CAGOT.ANAFO,8.24177706399997656e-01
SAM,CAGOT.ANALM,1.44230452624237421e-01
SAM,CAGOT.ANASE,9.24764993541493663e-02
SAM,CAGOT.HLSLOW,1.43742874618978059e-02
SAM,CAGOT.HLSUPP,3.62849767968895565e-01
SAM,CAGOT.HSHHLD,3.63583913299058370e-01
SAM,CAGOT.HURBLOW,1.75891924384263293e-01
SAM,CAGOT.HURBUPP,5.22866823128174951e-02
SAM,CAGOT.ROW,2.66906441251177108e-02
SAM,CAGOT.S-I,-3.03060000000000031e-02
SAM,CAGOT.TOTAL,2.27899079943089244e+00
SAM,CAPLSC.AAGEX,1.21893811342545200e+00
SAM,CAPLSC.AAGFO,2.06270455485939336e-01
SAM,CAPLSC.AAGOT,2.91159158515629568e-01
SAM,CAPLSC.TOTAL,1.71636772742702082e+00
SAM,CAPOT.AMINE,8.19451250687726507e-01
SAM,CAPOT.ANAFO,1.67551631268051304e+00
SAM,CAPOT.ANAHI,6.53660746947940852e-01
SAM,CAPOT.ANALM,2.88173553590566334e+00
SAM,CAPOT.ANASE,4.81343428344494306e+00
SAM,CAPOT.TOTAL,1.08437981296667871e+01
SAM,CAPSH.AAGEX,3.71910668290770935e-02
SAM,CAPSH.AAGFO,8.71738372132726397e-02
SAM,CAPSH.AAGOT,1.38910017437707811e-01
SAM,CAPSH.TOTAL,2.63274921480057544e-01
SAM,CMINE.AMINE,9.27740925135995265e-02
SAM,CMINE.ANAFO,4.10060007792113837e-02
SAM,CMINE.ANAHI,3.09840298871995212e-01
SAM,CMINE.ANALM,9.60536316560656966e-01
SAM,CMINE.ANASE,1.18936468332632023e-01
SAM,CMINE.ROW,8.90677658949424966e-01
SAM,CMINE.TOTAL,2.41377083600752007e+00
SAM,CNAFO.AAGEX,7.33921015430799711e-02
SAM,CNAFO.AAGFO,2.43561673735770631e-02
SAM,CNAFO.AAGOT,3.40582984150951229e-01
SAM,CNAFO.ANAFO,2.65005068585860315e-01
SAM,CNAFO.ANALM,4.15493294754032821e-02
SAM,CNAFO.ANASE,1.56795334885876880e-01
SAM,CNAFO.GOV,4.14188102580116263e-02
SAM,CNAFO.HLSLOW,2.34323383614619372e-02
SAM,CNAFO.HLSUPP,1.76262736367929462e+00
SAM,CNAFO.HSHHLD,2.52684423001791836e-01
SAM,CNAFO.HURBLOW,5.49841191082358849e-01
SAM,CNAFO.HURBUPP,2.05436656930070072e+00
SAM,CNAFO.ROW,1.80148439970353180e-01
SAM,CNAFO.S-I,-1.65863000000000010e-01
SAM,CNAFO.TOTAL,5.60033712166872188e+00
SAM,CNAHI.AAGEX,3.92752977839477754e-02
SAM,CNAHI.AAGFO,1.07101661427274619e-02
SAM,CNAHI.AAGOT,3.13024418290461931e-02
SAM,CNAHI.AMINE,4.92646135081599088e-02
SAM,CNAHI.ANAFO,2.77770999164440764e-02
SAM,CNAHI.ANAHI,3.07022251446942729e-01
SAM,CNAHI.ANALM,9.57697586743775364e-02
SAM,CNAHI.ANASE,2.97569937686093022e-01
SAM,CNAHI.GOV,2.14643323309481986e-02
SAM,CNAHI.HLSLOW,2.31688000236709036e-03
SAM,CNAHI.HLSUPP,1.15530399475469558e-01
SAM,CNAHI.HSHHLD,1.23456167696232959e-02
SAM,CNAHI.HURBLOW,7.20759800127638434e-02
SAM,CNAHI.HURBUPP,4.06548739922990732e-01
SAM,CNAHI.S-I,2.77407173507205540e+00
SAM,CNAHI.TOTAL,4.26304525057395711e+00
SAM,CNALM.AAGEX,4.57895710209531848e-01
SAM,CNALM.AAGFO,2.21262657712936711e-01
SAM,CNALM.AAGOT,1.49948715964379725e-01
SAM,CNALM.AMINE,5.25444095103546616e-01
SAM,CNALM.ANAFO,4.22485686946936279e-01
SAM,CNALM.ANAHI,1.49824871414762573e+00
SAM,CNALM.ANALM,3.16744276789108259e+00
SAM,CNALM.ANASE,4.07413295461013902e+00
SAM,CNALM.GOV,2.51796809231907726e-01
SAM,CNALM.HLSLOW,3.09434298125684168e-02
SAM,CNALM.HLSUPP,2.62693750434041817e+00
SAM,CNALM.HSHHLD,3.84651747139682310e-01
SAM,CNALM.HURBLOW,7.19683034253466802e-01
SAM,CNALM.HURBUPP,3.66293961535826673e+00
SAM,CNALM.ROW,1.44292273050914055e+00
SAM,CNALM.S-I,2.74146639435983497e+00
SAM,CNALM.TOTAL,2.23782025675914653e+01
SAM,CNASE.AAGEX,1.34531703022385019e+00
SAM,CNASE.AAGFO,1.93896789774225836e-01
SAM,CNASE.AAGOT,4.73749037117444094e-01
SAM,CNASE.AMINE,3.43626431346293226e-01
SAM,CNASE.ANAFO,1.32044649553192817e+00
SAM,CNASE.ANAHI,4.10491910656391512e-01
SAM,CNASE.ANALM,2.16130038122954504e+00
SAM,CNASE.ANASE,2.08600052514501266e+00
SAM,CNASE.GOV,4.45904367669036539e+00
SAM,CNASE.HLSLOW,9.90344039597450612e-03
SAM,CNASE.HLSUPP,2.28492793944068628e+00
SAM,CNASE.HSHHLD,2.49994760947919503e-01
SAM,CNASE.HURBLOW,3.13640190319891043e-01
SAM,CNASE.HURBUPP,2.68957503310099533e+00
SAM,CNASE.ROW,1.59673249551231322e+00
SAM,CNASE.S-I,3.30969059413760369e-01
SAM,CNASE.TOTAL,2.02696151968465976e+01
SAM,ENTR.CAPOT,1.07151472567362731e+01
SAM,ENTR.GOV,1.20921704622422110e+00
SAM,ENTR.ROW,-5.36000348279316752e-01
SAM,ENTR.TOTAL,1.13883639546811768e+01
SAM,GOV.ATAX,1.48152710001709820e+00
SAM,GOV.ROW,-1.26914779427723112e-01
SAM,GOV.TAR,1.86461147831863139e+00
SAM,GOV.TOTAL,6.94480892698172880e+00
SAM,GOV.YTAX,3.72558512807372200e+00
SAM,HLSLOW.LABUSKLS,1.06333247067339320e-01
SAM,HLSLOW.TOTAL,1.06333247067339320e-01
SAM,HLSUPP.CAPLSC,1.71636772742702082e+00
SAM,HLSUPP.ENTR,5.51622912952789690e+00
SAM,HLSUPP.GOV,6.36121912441244275e-01
SAM,HLSUPP.LABSK,8.11060905338597427e-01
SAM,HLSUPP.LANDLS,4.59653333253084939e-01
SAM,HLSUPP.ROW,1.03860952399922893e-01
SAM,HLSUPP.TOTAL,9.24329396038776707e+00
SAM,HSHHLD.CAPSH,2.63274921480057655e-01
SAM,HSHHLD.GOV,4.80046476769805941e-01
SAM,HSHHLD.HURBLOW,1.82228231895448761e-01
SAM,HSHHLD.HURBUPP,8.11583284221007867e-02
SAM,HSHHLD.LABUSKIF,6.97030090759938159e-01
SAM,HSHHLD.LANDSH,1.36394339130032266e-01
SAM,HSHHLD.TOTAL,1.84013238845738347e+00
SAM,HURBLOW.CAPOT,1.28650872930512999e-01
SAM,HURBLOW.GOV,2.41070955579628265e-01
SAM,HURBLOW.LABUSKF,7.57246966501350482e-01
SAM,HURBLOW.LABUSKIF,1.48412372466093445e+00
SAM,HURBLOW.TOTAL,2.61109251967242617e+00
SAM,HURBUPP.ENTR,3.30154786740274364e+00
SAM,HURBUPP.GOV,1.08628907455597265e-01
SAM,HURBUPP.LABSK,8.97216508002237489e+00
SAM,HURBUPP.TOTAL,1.23823418548807158e+01
SAM,LABSK.AAGEX,5.25457159368881155e-01
SAM,LABSK.AAGFO,5.48812145032572737e-02
SAM,LABSK.AAGOT,7.75657065392920952e-02
SAM,LABSK.AMINE,3.27402168048383790e-01
SAM,LABSK.ANAFO,2.47697923031816231e-01
SAM,LABSK.ANAHI,7.31584174167341672e-01
SAM,LABSK.ANALM,1.77366743848674080e+00
SAM,LABSK.ANASE,6.07294476981530185e+00
SAM,LABSK.TOTAL,9.81120055396101520e+00
SAM,LABUSKF.AMINE,3.72378800144903960e-02
SAM,LABUSKF.ANAFO,3.15962887010518903e-02
SAM,LABUSKF.ANAHI,7.75249129648384050e-02
SAM,LABUSKF.ANALM,1.63174822545105513e-01
SAM,LABUSKF.ANASE,4.47713062275864548e-01
SAM,LABUSKF.TOTAL,7.57246966501350705e-01
SAM,LABUSKIF.AAGEX,1.20532615785964914e-01
SAM,LABUSKIF.AAGFO,2.26435428078468476e-01
SAM,LABUSKIF.AAGOT,3.38533132932942515e-01
SAM,LABUSKIF.ANAHI,5.56834288820202833e-02
SAM,LABUSKIF.ANALM,3.59327241376106499e-01
SAM,LABUSKIF.ANASE,1.08064196836536985e+00
SAM,LABUSKIF.TOTAL,2.18115381542087272e+00
SAM,LABUSKLS.AAGEX,6.75065620843141589e-02
SAM,LABUSKLS.AAGFO,1.77960458982907299e-02
SAM,LABUSKLS.AAGOT,2.10306390847314791e-02
SAM,LABUSKLS.TOTAL,1.06333247067336364e-01
SAM,LANDLS.AAGEX,3.29749038968545405e-01
SAM,LANDLS.AAGFO,9.63239796425506556e-02
SAM,LANDLS.AAGOT,3.35803146419889759e-02
SAM,LANDLS.TOTAL,4.59653333253085050e-01
SAM,LANDSH.AAGEX,6.56950765967414807e-02
SAM,LANDSH.AAGFO,7.06992625332907854e-02
SAM,LANDSH.TOTAL,1.36394339130032266e-01
SAM,ROW.CAGEX,1.74942928654162368e-02
SAM,ROW.CAGFO,3.43323508570582761e-02
SAM,ROW.CMINE,1.02006936149234784e-01
SAM,ROW.CNAFO,1.60235566726075473e-01
SAM,ROW.CNALM,7.28231432967451298e+00
SAM,ROW.CNASE,4.51728951388809974e-01
SAM,ROW.LABSK,2.79745686000434472e-02
SAM,ROW.TOTAL,8.07608699626115190e+00
SAM,S-I.ENTR,9.06826476404321791e-01
SAM,S-I.GOV,-5.04000000000000004e-01
SAM,S-I.HLSLOW,3.42770880896149958e-03
SAM,S-I.HLSUPP,1.34111371894478371e+00
SAM,S-I.HSHHLD,7.09539056773446225e-02
SAM,S-I.HURBLOW,2.13390436568668490e-01
SAM,S-I.HURBUPP,2.06292717282953220e+00
SAM,S-I.ROW,1.55569876961203635e+00
SAM,S-I.TOTAL,5.65033818884564898e+00
SAM,TAR.CAGEX,5.43437899993817058e-03
SAM,TAR.CAGFO,7.90243664860111952e-03
SAM,TAR.CMINE,2.63523233688721589e-02
SAM,TAR.CNAFO,4.02191480316307082e-02
SAM,TAR.CNALM,1.73140921983089058e+00
SAM,TAR.CNASE,5.32939714386995791e-02
SAM,TAR.TOTAL,1.86461147831863228e+00
SAM,TOTAL.AAGEX,4.39601387558160983e+00
SAM,TOTAL.AAGFO,1.18663000435853694e+00
SAM,TOTAL.AAGOT,2.27899079943089289e+00
SAM,TOTAL.AMINE,2.28541157648941251e+00
SAM,TOTAL.ANAFO,5.39988240691101495e+00
SAM,TOTAL.ANAHI,4.26304525057395711e+00
SAM,TOTAL.ANALM,1.33644790180860600e+01
SAM,TOTAL.ANASE,1.97645922740190834e+01
SAM,TOTAL.ATAX,1.48152710001709820e+00
SAM,TOTAL.CAGEX,4.41894254744696457e+00
SAM,TOTAL.CAGFO,1.22886479186419662e+00
SAM,TOTAL.CAGOT,2.27899079943089289e+00
SAM,TOTAL.CAPLSC,1.71636772742702082e+00
SAM,TOTAL.CAPOT,1.08437981296667854e+01
SAM,TOTAL.CAPSH,2.63274921480057655e-01
SAM,TOTAL.CMINE,2.41377083600751918e+00
SAM,TOTAL.CNAFO,5.60033712166872100e+00
SAM,TOTAL.CNAHI,4.26304525057395800e+00
SAM,TOTAL.CNALM,2.23782025675914618e+01
SAM,TOTAL.CNASE,2.02696151968465941e+01
SAM,TOTAL.ENTR,1.13883639546811768e+01
SAM,TOTAL.GOV,6.94480892698172969e+00
SAM,TOTAL.HLSLOW,1.06333247067336489e-01
SAM,TOTAL.HLSUPP,9.24329396038776707e+00
SAM,TOTAL.HSHHLD,1.84013238845738369e+00
SAM,TOTAL.HURBLOW,2.61109251967242617e+00
SAM,TOTAL.HURBUPP,1.23823418548807194e+01
SAM,TOTAL.LABSK,9.81120055396101520e+00
SAM,TOTAL.LABUSKF,7.57246966501350482e-01
SAM,TOTAL.LABUSKIF,2.18115381542087272e+00
SAM,TOTAL.LABUSKLS,1.06333247067339320e-01
SAM,TOTAL.LANDLS,4.59653333253084939e-01
SAM,TOTAL.LANDSH,1.36394339130032266e-01
SAM,TOTAL.ROW,8.07608699626115012e+00
SAM,TOTAL.S-I,5.65033818884565076e+00
SAM,TOTAL.TAR,1.86461147831863139e+00
SAM,TOTAL.YTAX,3.72558512807372200e+00
SAM,YTAX.ENTR,1.66376048134621413e+00
SAM,YTAX.HLSUPP,6.87958287589462092e-01
SAM,YTAX.HSHHLD,2.28433046674515437e-02
SAM,YTAX.HURBLOW,1.12891450463665610e-01
SAM,YTAX.HURBUPP,1.23813160400692901e+00
SAM,YTAX.TOTAL,3.72558512807372244e+00
SET.A,AAGEX,0
SET.A,AAGFO,1
SET.A,AAGOT,2
SET.A,AMINE,3
SET.A,ANAFO,4
SET.A,ANAHI,6
SET.A,ANALM,5
SET.A,ANASE,7
SET.AC,AAGEX,0
SET.AC,AAGFO,1
SET.AC,AAGOT,2
SET.AC,ACTTAX,48
SET.AC,AMINE,3
SET.AC,ANAFO,4
SET.AC,ANAHI,6
SET.AC,ANALM,5
SET.AC,ANASE,7
SET.AC,ATAX,32
SET.AC,CAGEX,8
SET.AC,CAGFO,9
SET.AC,CAGOT,10
SET.AC,CAPLSC,20
SET.AC,CAPOT,22
SET.AC,CAPSH,21
SET.AC,CMINE,11
SET.AC,CNAFO,12
SET.AC,CNAHI,14
SET.AC,CNALM,13
SET.AC,CNASE,15
SET.AC,COMTAX,49
SET.AC,DSTK,39
SET.AC,DUM,50
SET.AC,ENTR,30
SET.AC,ETAX,35
SET.AC,EXPTAX,46
SET.AC,FACTAX,44
SET.AC,GOV,36
SET.AC,HLSLOW,26
SET.AC,HLSUPP,25
SET.AC,HSHHLD,27
SET.AC,HURBLOW,29
SET.AC,HURBUPP,28
SET.AC,IMPTAX,45
SET.AC,INSTAX,43
SET.AC,LABSK,19
SET.AC,LABUSKF,17
SET.AC,LABUSKIF,18
SET.AC,LABUSKLS,16
SET.AC,LANDLS,23
SET.AC,LANDSH,24
SET.AC,ROW,37
SET.AC,S-I,38
SET.AC,STAX,33
SET.AC,TAR,34
SET.AC,TOTAL,51
SET.AC,TRNCSTDOM,40
SET.AC,TRNCSTEXP,41
SET.AC,TRNCSTIMP,42
SET.AC,VATAX,47
SET.AC,YTAX,31
SET.ACNT,AAGEX,0
SET.ACNT,AAGFO,1
SET.ACNT,AAGOT,2
SET.ACNT,ACTTAX,48
SET.ACNT,AMINE,3
SET.ACNT,ANAFO,4
SET.ACNT,ANAHI,6
SET.ACNT,ANALM,5
SET.ACNT,ANASE,7
SET.ACNT,ATAX,32
SET.ACNT,CAGEX,8
SET.ACNT,CAGFO,9
SET.ACNT,CAGOT,10
SET.ACNT,CAPLSC,20
SET.ACNT,CAPOT,22
SET.ACNT,CAPSH,21
SET.ACNT,CMINE,11
SET.ACNT,CNAFO,12
SET.ACNT,CNAHI,14
SET.ACNT,CNALM,13
SET.ACNT,CNASE,15
SET.ACNT,COMTAX,49
SET.ACNT,DSTK,39
SET.ACNT,DUM,50
SET.ACNT,ENTR,30
SET.ACNT,ETAX,35
SET.ACNT,EXPTAX,46
SET.ACNT,FACTAX,44
SET.ACNT,GOV,36
SET.ACNT,HLSLOW,26
SET.ACNT,HLSUPP,25
SET.ACNT,HSHHLD,27
SET.ACNT,HURBLOW,29
SET.ACNT,HURBUPP,28
SET.ACNT,IMPTAX,45
SET.ACNT,INSTAX,43
SET.ACNT,LABSK,19
SET.ACNT,LABUSKF,17
SET.ACNT,LABUSKIF,18
SET.ACNT,LABUSKLS,16
SET.ACNT,LANDLS,23
SET.ACNT,LANDSH,24
SET.ACNT,ROW,37
SET.ACNT,S-I,38
SET.ACNT,STAX,33
SET.ACNT,TAR,34
SET.ACNT,TRNCSTDOM,40
SET.ACNT,TRNCSTEXP,41
SET.ACNT,TRNCSTIMP,42
SET.ACNT,VATAX,47
SET.ACNT,YTAX,31
SET.ALEO,AAGEX,0
SET.ALEO,AAGFO,1
SET.ALEO,AAGOT,2
SET.ALEO,AMINE,3
SET.ALEO,ANAFO,4
SET.ALEO,ANAHI,6
SET.ALEO,ANALM,5
SET.ALEO,ANASE,7
SET.C,CAGEX,0
SET.C,CAGFO,1
SET.C,CAGOT,2
SET.C,CMINE,3
SET.C,CNAFO,4
SET.C,CNAHI,6
SET.C,CNALM,5
SET.C,CNASE,7
SET.CD,CAGEX,0
SET.CD,CAGFO,1
SET.CD,CAGOT,2
SET.CD,CMINE,3
SET.CD,CNAFO,4
SET.CD,CNAHI,6
SET.CD,CNALM,5
SET.CD,CNASE,7
SET.CDM,CAGEX,0
SET.CDM,CAGFO,1
SET.CDM,CAGOT,2
SET.CDM,CMINE,3
SET.CDM,CNAFO,4
SET.CDM,CNAHI,6
SET.CDM,CNALM,5
SET.CDM,CNASE,7
SET.CE,CAGEX,0
SET.CE,CAGFO,1
SET.CE,CAGOT,2
SET.CE,CMINE,3
SET.CE,CNAFO,4
SET.CE,CNALM,5
SET.CE,CNASE,6
SET.CEN,CNAHI,0
SET.CINV,CAGOT,0
SET.CINV,CNAFO,1
SET.CINV,CNAHI,3
SET.CINV,CNALM,2
SET.CINV,CNASE,4
SET.CM,CAGEX,0
SET.CM,CAGFO,1
SET.CM,CMINE,2
SET.CM,CNAFO,3
SET.CM,CNALM,4
SET.CM,CNASE,5
SET.CMN,CAGOT,0
SET.CMN,CNAHI,1
SET.CX,CAGEX,0
SET.CX,CAGFO,1
SET.CX,CAGOT,2
SET.CX,CMINE,3
SET.CX,CNAFO,4
SET.CX,CNAHI,6
SET.CX,CNALM,5
SET.CX,CNASE,7
SET.F,CAPLSC,4
SET.F,CAPOT,6
SET.F,CAPSH,5
SET.F,LABSK,3
SET.F,LABUSKF,1
SET.F,LABUSKIF,2
SET.F,LABUSKLS,0
SET.F,LANDLS,7
SET.F,LANDSH,8
SET.H,HLSLOW,1
SET.H,HLSUPP,0
SET.H,HSHHLD,2
SET.H,HURBLOW,4
SET.H,HURBUPP,3
SET.INS,ENTR,5
SET.INS,GOV,6
SET.INS,HLSLOW,1
SET.INS,HLSUPP,0
SET.INS,HSHHLD,2
SET.INS,HURBLOW,4
SET.INS,HURBUPP,3
SET.INS,ROW,7
SET.INSD,ENTR,5
SET.INSD,GOV,6
SET.INSD,HLSLOW,1
SET.INSD,HLSUPP,0
SET.INSD,HSHHLD,2
SET.INSD,HURBLOW,4
SET.INSD,HURBUPP,3
SET.INSDNG,ENTR,5
SET.INSDNG,HLSLOW,1
SET.INSDNG,HLSUPP,0
SET.INSDNG,HSHHLD,2
SET.INSDNG,HURBLOW,4
SET.INSDNG,HURBUPP,3
TABS0,,3.05902316379481718e+01
TAXPAR,ACTTAX.AAGEX,1.06936928930013053e-01
TAXPAR,ACTTAX.AAGFO,-2.31759999999999987e-02
TAXPAR,ACTTAX.AAGOT,1.38020903548532331e-01
TAXPAR,ACTTAX.AMINE,9.02110452672124641e-02
TAXPAR,ACTTAX.ANAFO,-4.42260000000000014e-02
TAXPAR,ACTTAX.ANAHI,2.18988812488860596e-01
TAXPAR,ACTTAX.ANALM,4.79137014514098347e-01
TAXPAR,ACTTAX.ANASE,5.15634395268381618e-01
TAXPAR,COMTAX.CAGEX,0.00000000000000000e+00
TAXPAR,COMTAX.CAGFO,0.00000000000000000e+00
TAXPAR,COMTAX.CAGOT,0.00000000000000000e+00
TAXPAR,COMTAX.CMINE,0.00000000000000000e+00
TAXPAR,COMTAX.CNAFO,0.00000000000000000e+00
TAXPAR,COMTAX.CNAHI,0.00000000000000000e+00
TAXPAR,COMTAX.CNALM,0.00000000000000000e+00
TAXPAR,COMTAX.CNASE,0.00000000000000000e+00
TAXPAR,EXPTAX.CAGEX,0.00000000000000000e+00
TAXPAR,EXPTAX.CAGFO,0.00000000000000000e+00
TAXPAR,EXPTAX.CAGOT,0.00000000000000000e+00
TAXPAR,EXPTAX.CMINE,0.00000000000000000e+00
TAXPAR,EXPTAX.CNAFO,0.00000000000000000e+00
TAXPAR,EXPTAX.CNAHI,0.00000000000000000e+00
TAXPAR,EXPTAX.CNALM,0.00000000000000000e+00
TAXPAR,EXPTAX.CNASE,0.00000000000000000e+00
TAXPAR,FACTAX.CAPLSC,0.00000000000000000e+00
TAXPAR,FACTAX.CAPOT,0.00000000000000000e+00
TAXPAR,FACTAX.CAPSH,0.00000000000000000e+00
TAXPAR,FACTAX.LABSK,0.00000000000000000e+00
TAXPAR,FACTAX.LABUSKF,0.00000000000000000e+00
TAXPAR,FACTAX.LABUSKIF,0.00000000000000000e+00
TAXPAR,FACTAX.LABUSKLS,0.00000000000000000e+00
TAXPAR,FACTAX.LANDLS,0.00000000000000000e+00
TAXPAR,FACTAX.LANDSH,0.00000000000000000e+00
TAXPAR,IMPTAX.CAGEX,5.43437899993817058e-03
TAXPAR,IMPTAX.CAGFO,7.90243664860111952e-03
TAXPAR,IMPTAX.CAGOT,0.00000000000000000e+00
TAXPAR,IMPTAX.CMINE,2.63523233688721589e-02
TAXPAR,IMPTAX.CNAFO,4.02191480316307082e-02
TAXPAR,IMPTAX.CNAHI,0.00000000000000000e+00
TAXPAR,IMPTAX.CNALM,1.73140921983089058e+00
TAXPAR,IMPTAX.CNASE,5.32939714386995791e-02
TAXPAR,INSTAX.ENTR,1.66376048134621413e+00
TAXPAR,INSTAX.GOV,0.00000000000000000e+00
TAXPAR,INSTAX.HLSLOW,0.00000000000000000e+00
TAXPAR,INSTAX.HLSUPP,6.87958287589462092e-01
TAXPAR,INSTAX.HSHHLD,2.28433046674515437e-02
TAXPAR,INSTAX.HURBLOW,1.12891450463665610e-01
TAXPAR,INSTAX.HURBUPP,1.23813160400692901e+00
TAXPAR,VATAX.AAGEX,0.00000000000000000e+00
TAXPAR,VATAX.AAGFO,0.00000000000000000e+00
TAXPAR,VATAX.AAGOT,0.00000000000000000e+00
TAXPAR,VATAX.AMINE,0.00000000000000000e+00
TAXPAR,VATAX.ANAFO,0.00000000000000000e+00
TAXPAR,VATAX.ANAHI,0.00000000000000000e+00
TAXPAR,VATAX.ANALM,0.00000000000000000e+00
TAXPAR,VATAX.ANASE,0.00000000000000000e+00
TINS0,ENTR,1.46093019854913131e-01
TINS0,HLSLOW,0.00000000000000000e+00
TINS0,HLSUPP,7.44278274106302956e-02
TINS0,HSHHLD,1.24139463066575868e-02
TINS0,HURBLOW,4.32353314228131475e-02
TINS0,HURBUPP,9.99917155024190735e-02
TRII0,HLSUPP.ENTR,5.51622912952789690e+00
TRII0,HSHHLD.HURBLOW,1.82228231895448761e-01
TRII0,HSHHLD.HURBUPP,8.11583284221007867e-02
TRII0,HURBUPP.ENTR,3.30154786740274364e+00
WF0,CAPLSC,1.00000000000000000e+00
WF0,CAPOT,1.00000000000000000e+00
WF0,CAPSH,1.00000000000000000e+00
WF0,LABSK,3.19010523586690162e+01
WF0,LABUSKF,1.13168378558724592e+00
WF0,LABUSKIF,8.66224708268813703e-01
WF0,LABUSKLS,3.74853690845347531e-01
WF0,LANDLS,9.18289202070276089e-01
WF0,LANDSH,4.76603323537746412e-02
YF0,CAPLSC,1.71636772742702082e+00
YF0,CAPOT,1.08437981296667871e+01
YF0,CAPSH,2.63274921480057544e-01
YF0,LABSK,9.81120055396101520e+00
YF0,LABUSKF,7.57246966501350705e-01
YF0,LABUSKIF,2.18115381542087272e+00
YF0,LABUSKLS,1.06333247067336364e-01
YF0,LANDLS,4.59653333253085050e-01
YF0,LANDSH,1.36394339130032266e-01
YG0,,6.94480892698172969e+00
YI0,ENTR,1.13883639546811768e+01
YI0,HLSLOW,1.06333247067336489e-01
YI0,HLSUPP,9.24329396038776707e+00
YI0,HSHHLD,1.84013238845738369e+00
YI0,HURBLOW,2.61109251967242617e+00
YI0,HURBUPP,1.23823418548807194e+01
YIF0,ENTR.CAPOT,1.07151472567362731e+01
YIF0,HLSLOW.LABUSKLS,1.06333247067339320e-01
YIF0,HLSUPP.CAPLSC,1.71636772742702082e+00
YIF0,HLSUPP.LABSK,8.11060905338597427e-01
YIF0,HLSUPP.LANDLS,4.59653333253084939e-01
YIF0,HSHHLD.CAPSH,2.63274921480057655e-01
YIF0,HSHHLD.LABUSKIF,6.97030090759938159e-01
YIF0,HSHHLD.LANDSH,1.36394339130032266e-01
YIF0,HURBLOW.CAPOT,1.28650872930512999e-01
YIF0,HURBLOW.LABUSKF,7.57246966501350482e-01
YIF0,HURBLOW.LABUSKIF,1.48412372466093445e+00
YIF0,HURBUPP.LABSK,8.97216508002237489e+00
alphaac,CAGEX,1.00000000000000000e+00
alphaac,CAGFO,1.00000000000000000e+00
alphaac,CAGOT,1.00000000000000000e+00
alphaac,CMINE,1.00000000000000000e+00
alphaac,CNAFO,1.00000000000000022e+00
alphaac,CNAHI,1.00000000000000000e+00
alphaac,CNALM,1.00000000000000022e+00
alphaac,CNASE,1.00000000000000022e+00
alphaq,CAGEX,1.38016820550942221e+00
alphaq,CAGFO,1.51847812702158813e+00
alphaq,CMINE,1.25863227336188666e+00
alphaq,CNAFO,1.22732571161075277e+00
alphaq,CNALM,1.98710144191064497e+00
alphaq,CNASE,1.05555227701210530e+00
alphat,CAGEX,2.07537323919619077e+00
alphat,CAGFO,3.35129329126449438e+00
alphat,CAGOT,7.33224367990937687e+00
alphat,CMINE,2.04034791601485299e+00
alphat,CNAFO,3.48005832054255215e+00
alphat,CNALM,2.56256492299711702e+00
alphat,CNASE,5.36476910389101480e+00
alphava,AAGEX,5.57992219642492771e+00
alphava,AAGFO,3.00616824943431427e+00
alphava,AAGOT,4.29146973908083140e+00
alphava,AMINE,2.07397539841619238e+00
alphava,ANAFO,5.56220506969481931e+00
alphava,ANAHI,2.12798318080302025e+01
alphava,ANALM,3.12643883823231095e+00
alphava,ANASE,1.91960873017508433e+01
betah,AAGEX.CAGEX.HLSLOW,0.00000000000000000e+00
betah,AAGEX.CAGEX.HLSUPP,0.00000000000000000e+00
betah,AAGEX.CAGEX.HSHHLD,0.00000000000000000e+00
betah,AAGEX.CAGEX.HURBLOW,0.00000000000000000e+00
betah,AAGEX.CAGEX.HURBUPP,0.00000000000000000e+00
betah,AAGEX.CAGFO.HLSLOW,0.00000000000000000e+00
betah,AAGEX.CAGFO.HLSUPP,0.00000000000000000e+00
betah,AAGEX.CAGFO.HSHHLD,0.00000000000000000e+00
betah,AAGEX.CAGFO.HURBLOW,0.00000000000000000e+00
betah,AAGEX.CAGFO.HURBUPP,0.00000000000000000e+00
betah,AAGEX.CAGOT.HLSLOW,0.00000000000000000e+00
betah,AAGEX.CAGOT.HLSUPP,0.00000000000000000e+00
betah,AAGEX.CAGOT.HSHHLD,0.00000000000000000e+00
betah,AAGEX.CAGOT.HURBLOW,0.00000000000000000e+00
betah,AAGEX.CAGOT.HURBUPP,0.00000000000000000e+00
betah,AAGEX.CMINE.HLSLOW,0.00000000000000000e+00
betah,AAGEX.CMINE.HLSUPP,0.00000000000000000e+00
betah,AAGEX.CMINE.HSHHLD,0.00000000000000000e+00
betah,AAGEX.CMINE.HURBLOW,0.00000000000000000e+00
betah,AAGEX.CMINE.HURBUPP,0.00000000000000000e+00
betah,AAGEX.CNAFO.HLSLOW,0.00000000000000000e+00
betah,AAGEX.CNAFO.HLSUPP,0.00000000000000000e+00
betah,AAGEX.CNAFO.HSHHLD,0.00000000000000000e+00
betah,AAGEX.CNAFO.HURBLOW,0.00000000000000000e+00
betah,AAGEX.CNAFO.HURBUPP,0.00000000000000000e+00
betah,AAGEX.CNAHI.HLSLOW,0.00000000000000000e+00
betah,AAGEX.CNAHI.HLSUPP,0.00000000000000000e+00
betah,AAGEX.CNAHI.HSHHLD,0.00000000000000000e+00
betah,AAGEX.CNAHI.HURBLOW,0.00000000000000000e+00
betah,AAGEX.CNAHI.HURBUPP,0.00000000000000000e+00
betah,AAGEX.CNALM.HLSLOW,0.00000000000000000e+00
betah,AAGEX.CNALM.HLSUPP,0.00000000000000000e+00
betah,AAGEX.CNALM.HSHHLD,0.00000000000000000e+00
betah,AAGEX.CNALM.HURBLOW,0.00000000000000000e+00
betah,AAGEX.CNALM.HURBUPP,0.00000000000000000e+00
betah,AAGEX.CNASE.HLSLOW,0.00000000000000000e+00
betah,AAGEX.CNASE.HLSUPP,0.00000000000000000e+00
betah,AAGEX.CNASE.HSHHLD,0.00000000000000000e+00
betah,AAGEX.CNASE.HURBLOW,0.00000000000000000e+00
betah,AAGEX.CNASE.HURBUPP,0.00000000000000000e+00
betah,AAGFO.CAGEX.HLSLOW,0.00000000000000000e+00
betah,AAGFO.CAGEX.HLSUPP,0.00000000000000000e+00
betah,AAGFO.CAGEX.HSHHLD,0.00000000000000000e+00
betah,AAGFO.CAGEX.HURBLOW,0.00000000000000000e+00
betah,AAGFO.CAGEX.HURBUPP,0.00000000000000000e+00
betah,AAGFO.CAGFO.HLSLOW,0.00000000000000000e+00
betah,AAGFO.CAGFO.HLSUPP,0.00000000000000000e+00
betah,AAGFO.CAGFO.HSHHLD,0.00000000000000000e+00
betah,AAGFO.CAGFO.HURBLOW,0.00000000000000000e+00
betah,AAGFO.CAGFO.HURBUPP,0.00000000000000000e+00
betah,AAGFO.CAGOT.HLSLOW,0.00000000000000000e+00
betah,AAGFO.CAGOT.HLSUPP,0.00000000000000000e+00
betah,AAGFO.CAGOT.HSHHLD,0.00000000000000000e+00
betah,AAGFO.CAGOT.HURBLOW,0.00000000000000000e+00
betah,AAGFO.CAGOT.HURBUPP,0.00000000000000000e+00
betah,AAGFO.CMINE.HLSLOW,0.00000000000000000e+00
betah,AAGFO.CMINE.HLSUPP,0.00000000000000000e+00
betah,AAGFO.CMINE.HSHHLD,0.00000000000000000e+00
betah,AAGFO.CMINE.HURBLOW,0.00000000000000000e+00
betah,AAGFO.CMINE.HURBUPP,0.00000000000000000e+00
betah,AAGFO.CNAFO.HLSLOW,0.00000000000000000e+00
betah,AAGFO.CNAFO.HLSUPP,0.00000000000000000e+00
betah,AAGFO.CNAFO.HSHHLD,0.00000000000000000e+00
betah,AAGFO.CNAFO.HURBLOW,0.00000000000000000e+00
betah,AAGFO.CNAFO.HURBUPP,0.00000000000000000e+00
betah,AAGFO.CNAHI.HLSLOW,0.00000000000000000e+00
betah,AAGFO.CNAHI.HLSUPP,0.00000000000000000e+00
betah,AAGFO.CNAHI.HSHHLD,0.00000000000000000e+00
betah,AAGFO.CNAHI.HURBLOW,0.00000000000000000e+00
betah,AAGFO.CNAHI.HURBUPP,0.00000000000000000e+00
betah,AAGFO.CNALM.HLSLOW,0.00000000000000000e+00
betah,AAGFO.CNALM.HLSUPP,0.00000000000000000e+00
betah,AAGFO.CNALM.HSHHLD,0.00000000000000000e+00
betah,AAGFO.CNALM.HURBLOW,0.00000000000000000e+00
betah,AAGFO.CNALM.HURBUPP,0.00000000000000000e+00
betah,AAGFO.CNASE.HLSLOW,0.00000000000000000e+00
betah,AAGFO.CNASE.HLSUPP,0.00000000000000000e+00
betah,AAGFO.CNASE.HSHHLD,0.00000000000000000e+00
betah,AAGFO.CNASE.HURBLOW,0.00000000000000000e+00
betah,AAGFO.CNASE.HURBUPP,0.00000000000000000e+00
betah,AAGOT.CAGEX.HLSLOW,0.00000000000000000e+00
betah,AAGOT.CAGEX.HLSUPP,0.00000000000000000e+00
betah,AAGOT.CAGEX.HSHHLD,0.00000000000000000e+00
betah,AAGOT.CAGEX.HURBLOW,0.00000000000000000e+00
betah,AAGOT.CAGEX.HURBUPP,0.00000000000000000e+00
betah,AAGOT.CAGFO.HLSLOW,0.00000000000000000e+00
betah,AAGOT.CAGFO.HLSUPP,0.00000000000000000e+00
betah,AAGOT.CAGFO.HSHHLD,0.00000000000000000e+00
betah,AAGOT.CAGFO.HURBLOW,0.00000000000000000e+00
betah,AAGOT.CAGFO.HURBUPP,0.00000000000000000e+00
betah,AAGOT.CAGOT.HLSLOW,0.00000000000000000e+00
betah,AAGOT.CAGOT.HLSUPP,0.00000000000000000e+00
betah,AAGOT.CAGOT.HSHHLD,0.00000000000000000e+00
betah,AAGOT.CAGOT.HURBLOW,0.00000000000000000e+00
betah,AAGOT.CAGOT.HURBUPP,0.00000000000000000e+00
betah,AAGOT.CMINE.HLSLOW,0.00000000000000000e+00
betah,AAGOT.CMINE.HLSUPP,0.00000000000000000e+00
betah,AAGOT.CMINE.HSHHLD,0.00000000000000000e+00
betah,AAGOT.CMINE.HURBLOW,0.00000000000000000e+00
betah,AAGOT.CMINE.HURBUPP,0.00000000000000000e+00
betah,AAGOT.CNAFO.HLSLOW,0.00000000000000000e+00
betah,AAGOT.CNAFO.HLSUPP,0.00000000000000000e+00
betah,AAGOT.CNAFO.HSHHLD,0.00000000000000000e+00
betah,AAGOT.CNAFO.HURBLOW,0.00000000000000000e+00
betah,AAGOT.CNAFO.HURBUPP,0.00000000000000000e+00
betah,AAGOT.CNAHI.HLSLOW,0.00000000000000000e+00
betah,AAGOT.CNAHI.HLSUPP,0.00000000000000000e+00
betah,AAGOT.CNAHI.HSHHLD,0.00000000000000000e+00
betah,AAGOT.CNAHI.HURBLOW,0.00000000000000000e+00
betah,AAGOT.CNAHI.HURBUPP,0.00000000000000000e+00
betah,AAGOT.CNALM.HLSLOW,0.00000000000000000e+00
betah,AAGOT.CNALM.HLSUPP,0.00000000000000000e+00
betah,AAGOT.CNALM.HSHHLD,0.00000000000000000e+00
betah,AAGOT.CNALM.HURBLOW,0.00000000000000000e+00
betah,AAGOT.CNALM.HURBUPP,0.00000000000000000e+00
betah,AAGOT.CNASE.HLSLOW,0.00000000000000000e+00
betah,AAGOT.CNASE.HLSUPP,0.00000000000000000e+00
betah,AAGOT.CNASE.HSHHLD,0.00000000000000000e+00
betah,AAGOT.CNASE.HURBLOW,0.00000000000000000e+00
betah,AAGOT.CNASE.HURBUPP,0.00000000000000000e+00
betah,AMINE.CAGEX.HLSLOW,0.00000000000000000e+00
betah,AMINE.CAGEX.HLSUPP,0.00000000000000000e+00
betah,AMINE.CAGEX.HSHHLD,0.00000000000000000e+00
betah,AMINE.CAGEX.HURBLOW,0.00000000000000000e+00
betah,AMINE.CAGEX.HURBUPP,0.00000000000000000e+00
betah,AMINE.CAGFO.HLSLOW,0.00000000000000000e+00
betah,AMINE.CAGFO.HLSUPP,0.00000000000000000e+00
betah,AMINE.CAGFO.HSHHLD,0.00000000000000000e+00
betah,AMINE.CAGFO.HURBLOW,0.00000000000000000e+00
betah,AMINE.CAGFO.HURBUPP,0.00000000000000000e+00
betah,AMINE.CAGOT.HLSLOW,0.00000000000000000e+00
betah,AMINE.CAGOT.HLSUPP,0.00000000000000000e+00
betah,AMINE.CAGOT.HSHHLD,0.00000000000000000e+00
betah,AMINE.CAGOT.HURBLOW,0.00000000000000000e+00
betah,AMINE.CAGOT.HURBUPP,0.00000000000000000e+00
betah,AMINE.CMINE.HLSLOW,0.00000000000000000e+00
betah,AMINE.CMINE.HLSUPP,0.00000000000000000e+00
betah,AMINE.CMINE.HSHHLD,0.00000000000000000e+00
betah,AMINE.CMINE.HURBLOW,0.00000000000000000e+00
betah,AMINE.CMINE.HURBUPP,0.00000000000000000e+00
betah,AMINE.CNAFO.HLSLOW,0.00000000000000000e+00
betah,AMINE.CNAFO.HLSUPP,0.00000000000000000e+00
betah,AMINE.CNAFO.HSHHLD,0.00000000000000000e+00
betah,AMINE.CNAFO.HURBLOW,0.00000000000000000e+00
betah,AMINE.CNAFO.HURBUPP,0.00000000000000000e+00
betah,AMINE.CNAHI.HLSLOW,0.00000000000000000e+00
betah,AMINE.CNAHI.HLSUPP,0.00000000000000000e+00
betah,AMINE.CNAHI.HSHHLD,0.00000000000000000e+00
betah,AMINE.CNAHI.HURBLOW,0.00000000000000000e+00
betah,AMINE.CNAHI.HURBUPP,0.00000000000000000e+00
betah,AMINE.CNALM.HLSLOW,0.00000000000000000e+00
betah,AMINE.CNALM.HLSUPP,0.00000000000000000e+00
betah,AMINE.CNALM.HSHHLD,0.00000000000000000e+00
betah,AMINE.CNALM.HURBLOW,0.00000000000000000e+00
betah,AMINE.CNALM.HURBUPP,0.00000000000000000e+00
betah,AMINE.CNASE.HLSLOW,0.00000000000000000e+00
betah,AMINE.CNASE.HLSUPP,0.00000000000000000e+00
betah,AMINE.CNASE.HSHHLD,0.00000000000000000e+00
betah,AMINE.CNASE.HURBLOW,0.00000000000000000e+00
betah,AMINE.CNASE.HURBUPP,0.00000000000000000e+00
betah,ANAFO.CAGEX.HLSLOW,0.00000000000000000e+00
betah,ANAFO.CAGEX.HLSUPP,0.00000000000000000e+00
betah,ANAFO.CAGEX.HSHHLD,0.00000000000000000e+00
betah,ANAFO.CAGEX.HURBLOW,0.00000000000000000e+00
betah,ANAFO.CAGEX.HURBUPP,0.00000000000000000e+00
betah,ANAFO.CAGFO.HLSLOW,0.00000000000000000e+00
betah,ANAFO.CAGFO.HLSUPP,0.00000000000000000e+00
betah,ANAFO.CAGFO.HSHHLD,0.00000000000000000e+00
betah,ANAFO.CAGFO.HURBLOW,0.00000000000000000e+00
betah,ANAFO.CAGFO.HURBUPP,0.00000000000000000e+00
betah,ANAFO.CAGOT.HLSLOW,0.00000000000000000e+00
betah,ANAFO.CAGOT.HLSUPP,0.00000000000000000e+00
betah,ANAFO.CAGOT.HSHHLD,0.00000000000000000e+00
betah,ANAFO.CAGOT.HURBLOW,0.00000000000000000e+00
betah,ANAFO.CAGOT.HURBUPP,0.00000000000000000e+00
betah,ANAFO.CMINE.HLSLOW,0.00000000000000000e+00
betah,ANAFO.CMINE.HLSUPP,0.00000000000000000e+00
betah,ANAFO.CMINE.HSHHLD,0.00000000000000000e+00
betah,ANAFO.CMINE.HURBLOW,0.00000000000000000e+00
betah,ANAFO.CMINE.HURBUPP,0.00000000000000000e+00
betah,ANAFO.CNAFO.HLSLOW,0.00000000000000000e+00
betah,ANAFO.CNAFO.HLSUPP,0.00000000000000000e+00
betah,ANAFO.CNAFO.HSHHLD,0.00000000000000000e+00
betah,ANAFO.CNAFO.HURBLOW,0.00000000000000000e+00
betah,ANAFO.CNAFO.HURBUPP,0.00000000000000000e+00
betah,ANAFO.CNAHI.HLSLOW,0.00000000000000000e+00
betah,ANAFO.CNAHI.HLSUPP,0.00000000000000000e+00
betah,ANAFO.CNAHI.HSHHLD,0.00000000000000000e+00
betah,ANAFO.CNAHI.HURBLOW,0.00000000000000000e+00
betah,ANAFO.CNAHI.HURBUPP,0.00000000000000000e+00
betah,ANAFO.CNALM.HLSLOW,0.00000000000000000e+00
betah,ANAFO.CNALM.HLSUPP,0.00000000000000000e+00
betah,ANAFO.CNALM.HSHHLD,0.00000000000000000e+00
betah,ANAFO.CNALM.HURBLOW,0.00000000000000000e+00
betah,ANAFO.CNALM.HURBUPP,0.00000000000000000e+00
betah,ANAFO.CNASE.HLSLOW,0.00000000000000000e+00
betah,ANAFO.CNASE.HLSUPP,0.00000000000000000e+00
betah,ANAFO.CNASE.HSHHLD,0.00000000000000000e+00
betah,ANAFO.CNASE.HURBLOW,0.00000000000000000e+00
betah,ANAFO.CNASE.HURBUPP,0.00000000000000000e+00
betah,ANAHI.CAGEX.HLSLOW,0.00000000000000000e+00
betah,ANAHI.CAGEX.HLSUPP,0.00000000000000000e+00
betah,ANAHI.CAGEX.HSHHLD,0.00000000000000000e+00
betah,ANAHI.CAGEX.HURBLOW,0.00000000000000000e+00
betah,ANAHI.CAGEX.HURBUPP,0.00000000000000000e+00
betah,ANAHI.CAGFO.HLSLOW,0.00000000000000000e+00
betah,ANAHI.CAGFO.HLSUPP,0.00000000000000000e+00
betah,ANAHI.CAGFO.HSHHLD,0.00000000000000000e+00
betah,ANAHI.CAGFO.HURBLOW,0.00000000000000000e+00
betah,ANAHI.CAGFO.HURBUPP,0.00000000000000000e+00
betah,ANAHI.CAGOT.HLSLOW,0.00000000000000000e+00
betah,ANAHI.CAGOT.HLSUPP,0.00000000000000000e+00
betah,ANAHI.CAGOT.HSHHLD,0.00000000000000000e+00
betah,ANAHI.CAGOT.HURBLOW,0.00000000000000000e+00
betah,ANAHI.CAGOT.HURBUPP,0.00000000000000000e+00
betah,ANAHI.CMINE.HLSLOW,0.00000000000000000e+00
betah,ANAHI.CMINE.HLSUPP,0.00000000000000000e+00
betah,ANAHI.CMINE.HSHHLD,0.00000000000000000e+00
betah,ANAHI.CMINE.HURBLOW,0.00000000000000000e+00
betah,ANAHI.CMINE.HURBUPP,0.00000000000000000e+00
betah,ANAHI.CNAFO.HLSLOW,0.00000000000000000e+00
betah,ANAHI.CNAFO.HLSUPP,0.00000000000000000e+00
betah,ANAHI.CNAFO.HSHHLD,0.00000000000000000e+00
betah,ANAHI.CNAFO.HURBLOW,0.00000000000000000e+00
betah,ANAHI.CNAFO.HURBUPP,0.00000000000000000e+00
betah,ANAHI.CNAHI.HLSLOW,0.00000000000000000e+00
betah,ANAHI.CNAHI.HLSUPP,0.00000000000000000e+00
betah,ANAHI.CNAHI.HSHHLD,0.00000000000000000e+00
betah,ANAHI.CNAHI.HURBLOW,0.00000000000000000e+00
betah,ANAHI.CNAHI.HURBUPP,0.00000000000000000e+00
betah,ANAHI.CNALM.HLSLOW,0.00000000000000000e+00
betah,ANAHI.CNALM.HLSUPP,0.00000000000000000e+00
betah,ANAHI.CNALM.HSHHLD,0.00000000000000000e+00
betah,ANAHI.CNALM.HURBLOW,0.00000000000000000e+00
betah,ANAHI.CNALM.HURBUPP,0.00000000000000000e+00
betah,ANAHI.CNASE.HLSLOW,0.00000000000000000e+00
betah,ANAHI.CNASE.HLSUPP,0.00000000000000000e+00
betah,ANAHI.CNASE.HSHHLD,0.00000000000000000e+00
betah,ANAHI.CNASE.HURBLOW,0.00000000000000000e+00
betah,ANAHI.CNASE.HURBUPP,0.00000000000000000e+00
betah,ANALM.CAGEX.HLSLOW,0.00000000000000000e+00
betah,ANALM.CAGEX.HLSUPP,0.00000000000000000e+00
betah,ANALM.CAGEX.HSHHLD,0.00000000000000000e+00
betah,ANALM.CAGEX.HURBLOW,0.00000000000000000e+00
betah,ANALM.CAGEX.HURBUPP,0.00000000000000000e+00
betah,ANALM.CAGFO.HLSLOW,0.00000000000000000e+00
betah,ANALM.CAGFO.HLSUPP,0.00000000000000000e+00
betah,ANALM.CAGFO.HSHHLD,0.00000000000000000e+00
betah,ANALM.CAGFO.HURBLOW,0.00000000000000000e+00
betah,ANALM.CAGFO.HURBUPP,0.00000000000000000e+00
betah,ANALM.CAGOT.HLSLOW,0.00000000000000000e+00
betah,ANALM.CAGOT.HLSUPP,0.00000000000000000e+00
betah,ANALM.CAGOT.HSHHLD,0.00000000000000000e+00
betah,ANALM.CAGOT.HURBLOW,0.00000000000000000e+00
betah,ANALM.CAGOT.HURBUPP,0.00000000000000000e+00
betah,ANALM.CMINE.HLSLOW,0.00000000000000000e+00
betah,ANALM.CMINE.HLSUPP,0.00000000000000000e+00
betah,ANALM.CMINE.HSHHLD,0.00000000000000000e+00
betah,ANALM.CMINE.HURBLOW,0.00000000000000000e+00
betah,ANALM.CMINE.HURBUPP,0.00000000000000000e+00
betah,ANALM.CNAFO.HLSLOW,0.00000000000000000e+00
betah,ANALM.CNAFO.HLSUPP,0.00000000000000000e+00
betah,ANALM.CNAFO.HSHHLD,0.00000000000000000e+00
betah,ANALM.CNAFO.HURBLOW,0.00000000000000000e+00
betah,ANALM.CNAFO.HURBUPP,0.00000000000000000e+00
betah,ANALM.CNAHI.HLSLOW,0.00000000000000000e+00
betah,ANALM.CNAHI.HLSUPP,0.00000000000000000e+00
betah,ANALM.CNAHI.HSHHLD,0.00000000000000000e+00
betah,ANALM.CNAHI.HURBLOW,0.00000000000000000e+00
betah,ANALM.CNAHI.HURBUPP,0.00000000000000000e+00
betah,ANALM.CNALM.HLSLOW,0.00000000000000000e+00
betah,ANALM.CNALM.HLSUPP,0.00000000000000000e+00
betah,ANALM.CNALM.HSHHLD,0.00000000000000000e+00
betah,ANALM.CNALM.HURBLOW,0.00000000000000000e+00
betah,ANALM.CNALM.HURBUPP,0.00000000000000000e+00
betah,ANALM.CNASE.HLSLOW,0.00000000000000000e+00
betah,ANALM.CNASE.HLSUPP,0.00000000000000000e+00
betah,ANALM.CNASE.HSHHLD,0.00000000000000000e+00
betah,ANALM.CNASE.HURBLOW,0.00000000000000000e+00
betah,ANALM.CNASE.HURBUPP,0.00000000000000000e+00
betah,ANASE.CAGEX.HLSLOW,0.00000000000000000e+00
betah,ANASE.CAGEX.HLSUPP,0.00000000000000000e+00
betah,ANASE.CAGEX.HSHHLD,0.00000000000000000e+00
betah,ANASE.CAGEX.HURBLOW,0.00000000000000000e+00
betah,ANASE.CAGEX.HURBUPP,0.00000000000000000e+00
betah,ANASE.CAGFO.HLSLOW,0.00000000000000000e+00
betah,ANASE.CAGFO.HLSUPP,0.00000000000000000e+00
betah,ANASE.CAGFO.HSHHLD,0.00000000000000000e+00
betah,ANASE.CAGFO.HURBLOW,0.00000000000000000e+00
betah,ANASE.CAGFO.HURBUPP,0.00000000000000000e+00
betah,ANASE.CAGOT.HLSLOW,0.00000000000000000e+00
betah,ANASE.CAGOT.HLSUPP,0.00000000000000000e+00
betah,ANASE.CAGOT.HSHHLD,0.00000000000000000e+00
betah,ANASE.CAGOT.HURBLOW,0.00000000000000000e+00
betah,ANASE.CAGOT.HURBUPP,0.00000000000000000e+00
betah,ANASE.CMINE.HLSLOW,0.00000000000000000e+00
betah,ANASE.CMINE.HLSUPP,0.00000000000000000e+00
betah,ANASE.CMINE.HSHHLD,0.00000000000000000e+00
betah,ANASE.CMINE.HURBLOW,0.00000000000000000e+00
betah,ANASE.CMINE.HURBUPP,0.00000000000000000e+00
betah,ANASE.CNAFO.HLSLOW,0.00000000000000000e+00
betah,ANASE.CNAFO.HLSUPP,0.00000000000000000e+00
betah,ANASE.CNAFO.HSHHLD,0.00000000000000000e+00
betah,ANASE.CNAFO.HURBLOW,0.00000000000000000e+00
betah,ANASE.CNAFO.HURBUPP,0.00000000000000000e+00
betah,ANASE.CNAHI.HLSLOW,0.00000000000000000e+00
betah,ANASE.CNAHI.HLSUPP,0.00000000000000000e+00
betah,ANASE.CNAHI.HSHHLD,0.00000000000000000e+00
betah,ANASE.CNAHI.HURBLOW,0.00000000000000000e+00
betah,ANASE.CNAHI.HURBUPP,0.00000000000000000e+00
betah,ANASE.CNALM.HLSLOW,0.00000000000000000e+00
betah,ANASE.CNALM.HLSUPP,0.00000000000000000e+00
betah,ANASE.CNALM.HSHHLD,0.00000000000000000e+00
betah,ANASE.CNALM.HURBLOW,0.00000000000000000e+00
betah,ANASE.CNALM.HURBUPP,0.00000000000000000e+00
betah,ANASE.CNASE.HLSLOW,0.00000000000000000e+00
betah,ANASE.CNASE.HLSUPP,0.00000000000000000e+00
betah,ANASE.CNASE.HSHHLD,0.00000000000000000e+00
betah,ANASE.CNASE.HURBLOW,0.00000000000000000e+00
betah,ANASE.CNASE.HURBUPP,0.00000000000000000e+00
betam,CAGEX.HLSLOW,0.00000000000000000e+00
betam,CAGEX.HLSUPP,0.00000000000000000e+00
betam,CAGEX.HSHHLD,4.19794754639360654e-02
betam,CAGEX.HURBLOW,0.00000000000000000e+00
betam,CAGEX.HURBUPP,0.00000000000000000e+00
betam,CAGFO.HLSLOW,1.40172384628902191e-01
betam,CAGFO.HLSUPP,7.81640295438561054e-03
betam,CAGFO.HSHHLD,1.44025059173041065e-01
betam,CAGFO.HURBLOW,8.73869226753607592e-02
betam,CAGFO.HURBUPP,1.40357355556086465e-02
betam,CAGOT.HLSLOW,1.65656028708524611e-01
betam,CAGOT.HLSUPP,5.55520364461676644e-02
betam,CAGOT.HSHHLD,2.61549805460159046e-01
betam,CAGOT.HURBLOW,9.45384723022819340e-02
betam,CAGOT.HURBUPP,4.86082289526553867e-03
betam,CMINE.HLSLOW,0.00000000000000000e+00
betam,CMINE.HLSUPP,0.00000000000000000e+00
betam,CMINE.HSHHLD,0.00000000000000000e+00
betam,CMINE.HURBLOW,0.00000000000000000e+00
betam,CMINE.HURBUPP,0.00000000000000000e+00
betam,CNAFO.HLSLOW,2.96318860126385530e-01
betam,CNAFO.HLSUPP,2.98819474570253429e-01
betam,CNAFO.HSHHLD,1.98875835009347413e-01
betam,CNAFO.HURBLOW,3.31062990196980045e-01
betam,CNAFO.HURBUPP,2.83423526329901310e-01
betam,CNAHI.HLSLOW,9.76620757690642091e-03
betam,CNAHI.HLSUPP,7.53305809696951795e-03
betam,CNAHI.HSHHLD,3.23888167778196671e-03
betam,CNAHI.HURBLOW,1.44658068859433026e-02
betam,CNAHI.HURBUPP,2.15723386498219739e-02
betam,CNALM.HLSLOW,3.31563263616425963e-01
betam,CNALM.HLSUPP,3.55249548611523025e-01
betam,CNALM.HSHHLD,2.54706102978044857e-01
betam,CNALM.HURBLOW,3.62260434658229991e-01
betam,CNALM.HURBUPP,4.04664488588646343e-01
betam,CNASE.HLSLOW,5.65232553428553497e-02
betam,CNASE.HLSUPP,2.75029479320700820e-01
betam,CNASE.HSHHLD,9.56248402376896067e-02
betam,CNASE.HURBLOW,1.10285373281204011e-01
betam,CNASE.HURBUPP,2.71443087980756059e-01
cwts,CAGEX,3.96735717239218681e-03
cwts,CAGFO,4.42429404247721703e-02
cwts,CAGOT,4.80501049057674365e-02
cwts,CMINE,0.00000000000000000e+00
cwts,CNAFO,2.30234691403063518e-01
cwts,CNAHI,3.01900470738653906e-02
cwts,CNALM,3.68198591847754886e-01
cwts,CNASE,2.75116267172384354e-01
deltaac,AAGEX.CAGEX,1.00000000000000000e+00
deltaac,AAGFO.CAGFO,1.00000000000000000e+00
deltaac,AAGOT.CAGOT,1.00000000000000000e+00
deltaac,AMINE.CMINE,1.00000000000000000e+00
deltaac,ANAFO.CNAFO,1.00000000000000000e+00
deltaac,ANAHI.CNAHI,1.00000000000000000e+00
deltaac,ANALM.CNALM,1.00000000000000000e+00
deltaac,ANASE.CNASE,1.00000000000000000e+00
deltaq,CAGEX,1.97250496514618789e-01
deltaq,CAGFO,2.52550674664399233e-01
deltaq,CMINE,3.98933580696650830e-02
deltaq,CNAFO,6.86450980792520232e-02
deltaq,CNALM,4.53534465816335330e-01
deltaq,CNASE,7.72110024196880616e-04
deltat,CAGEX,3.79956320723712271e-01
deltat,CAGFO,8.79058906270729246e-01
deltat,CAGOT,9.72031663106080024e-01
deltat,CMINE,5.88745335597633646e-01
deltat,CNAFO,8.43329155835265021e-01
deltat,CNALM,7.41894520699833526e-01
deltat,CNASE,9.92334948522506033e-01
deltava,CAPLSC.AAGEX,7.32925244951201704e-01
deltava,CAPLSC.AAGFO,2.53798430990806789e-01
deltava,CAPLSC.AAGOT,3.56224463166236627e-01
deltava,CAPOT.AMINE,9.93297782275668117e-01
deltava,CAPOT.ANAFO,5.09268712644132204e-01
deltava,CAPOT.ANAHI,2.05736455857693290e-01
deltava,CAPOT.ANALM,9.68389381089420409e-01
deltava,CAPOT.ANASE,2.59854301908859331e-01
deltava,CAPSH.AAGEX,6.98772256396984742e-03
deltava,CAPSH.AAGFO,8.04923203554329114e-02
deltava,CAPSH.AAGOT,1.36416390936137139e-01
deltava,LABSK.AAGEX,7.52720143844468614e-02
deltava,LABSK.AAGFO,1.35727613673356975e-02
deltava,LABSK.AAGOT,2.27456759532140770e-02
deltava,LABSK.AMINE,4.95971975949260208e-03
deltava,LABSK.ANAFO,4.52482717139439161e-01
deltava,LABSK.ANAHI,7.03866528604149777e-01
deltava,LABSK.ANALM,1.15047234628366767e-02
deltava,LABSK.ANASE,6.24115079444696463e-01
deltava,LABUSKF.AMINE,1.74249796483925468e-03
deltava,LABUSKF.ANAFO,3.82485702164286484e-02
deltava,LABUSKF.ANAHI,5.19961913928634750e-02
deltava,LABUSKF.ANALM,2.74630347313720852e-03
deltava,LABUSKF.ANASE,3.97061270618364673e-02
deltava,LABUSKIF.AAGEX,3.50440733545444999e-02
deltava,LABUSKIF.AAGFO,3.01988348660063355e-01
deltava,LABUSKIF.AAGOT,4.51986762787061569e-01
deltava,LABUSKIF.ANAHI,3.84008241452935273e-02
deltava,LABUSKIF.ANALM,1.73595919746057301e-02
deltava,LABUSKIF.ANASE,7.63244915846077315e-02
deltava,LABUSKLS.AAGEX,2.16519763927698131e-02
deltava,LABUSKLS.AAGFO,1.31804015676748720e-02
deltava,LABUSKLS.AAGOT,1.55705836962809745e-02
deltava,LANDLS.AAGEX,1.01436211811701205e-01
deltava,LANDLS.AAGFO,1.37520827634944470e-01
deltava,LANDLS.AAGOT,1.70561234610696472e-02
deltava,LANDSH.AAGEX,2.66827565413659679e-02
deltava,LANDSH.AAGFO,1.99446909423741991e-01
dwts,CAGEX,3.37003515897822056e-02
dwts,CAGFO,2.38747970298887544e-02
dwts,CAGOT,4.91129451111198545e-02
dwts,CMINE,3.04131268540710833e-02
dwts,CNAFO,1.13819868639222860e-01
dwts,CNAHI,9.29586169518487326e-02
dwts,CNALM,2.59957687349802735e-01
dwts,CNASE,3.96162606474263768e-01
frisch,HLSLOW,-4.00000000000000000e+00
frisch,HLSUPP,-4.00000000000000000e+00
frisch,HSHHLD,-4.00000000000000000e+00
frisch,HURBLOW,-4.00000000000000000e+00
frisch,HURBUPP,-4.00000000000000000e+00
gammam,CAGEX.HSHHLD,6.16788397870552257e-02
gammam,CAGFO.HLSLOW,1.83290335518059427e-02
gammam,CAGFO.HLSUPP,4.72516625003342322e-02
gammam,CAGFO.HSHHLD,3.40189311636203306e-01
gammam,CAGFO.HURBLOW,2.25515529273787790e-01
gammam,CAGFO.HURBUPP,1.02827266888089533e-01
gammam,CAGOT.HLSLOW,1.01125567618989241e-02
gammam,CAGOT.HLSUPP,2.62658587741092242e-01
gammam,CAGOT.HSHHLD,2.49395506773163578e-01
gammam,CAGOT.HURBLOW,1.26198192370247597e-01
gammam,CAGOT.HURBUPP,4.13496792020151480e-02
gammam,CNAFO.HLSLOW,1.58091254121084761e-02
gammam,CNAFO.HLSUPP,1.22368986025837012e+00
gammam,CNAFO.HSHHLD,1.65858456313457220e-01
gammam,CNAFO.HURBLOW,3.75819386900842156e-01
gammam,CNAFO.HURBUPP,1.41665479581396747e+00
gammam,CNAHI.HLSLOW,2.06563079050594688e-03
gammam,CNAHI.HLSUPP,1.01944111199766707e-01
gammam,CNAHI.HSHHLD,1.09315735167095571e-02
gammam,CNAHI.HURBLOW,6.44720922700250942e-02
gammam,CNAHI.HURBUPP,3.58010305175617438e-01
gammam,CNALM.HLSLOW,2.24135057852804589e-02
gammam,CNALM.HLSUPP,1.98622523116796645e+00
gammam,CNALM.HSHHLD,2.73451190212050443e-01
gammam,CNALM.HURBLOW,5.29262430653841709e-01
gammam,CNALM.HURBUPP,2.75243189559829871e+00
gammam,CNASE.HLSLOW,8.44930139218147934e-03
gammam,CNASE.HLSUPP,1.78889701252261002e+00
gammam,CNASE.HSHHLD,2.08246505345801108e-01
gammam,CNASE.HURBLOW,2.55669169089737691e-01
gammam,CNASE.HURBUPP,2.07881961953862815e+00
ica,CAGEX.ANAFO,9.84401417024457492e-02
ica,CAGEX.ANALM,1.47468991822620105e-01
ica,CAGEX.ANASE,1.21624270507272479e-03
ica,CAGFO.ANAFO,7.01897214252275581e-02
ica,CAGOT.AAGEX,4.22408676661181152e-03
ica,CAGOT.AAGOT,1.97233943900225639e-01
ica,CAGOT.ANAFO,2.36201589590296829e-01
ica,CAGOT.ANALM,1.87131537078231609e-02
ica,CAGOT.ANASE,1.35313829529326423e-02
ica,CMINE.AMINE,9.17547674713823785e-02
ica,CMINE.ANAFO,1.17519346757117022e-02
ica,CMINE.ANAHI,1.22679723372184551e-01
ica,CMINE.ANALM,1.24624608788929669e-01
ica,CMINE.ANASE,1.74030690101590335e-02
ica,CNAFO.AAGEX,3.81454379224982695e-02
ica,CNAFO.AAGFO,5.40976736589624668e-02
ica,CNAFO.AAGOT,2.74621412566647682e-01
ica,CNAFO.ANAFO,7.59479636046923173e-02
ica,CNAFO.ANALM,5.39081015682501847e-03
ica,CNAFO.ANASE,2.29426690715117468e-02
ica,CNAHI.AAGEX,2.04132788407184497e-02
ica,CNAHI.AAGFO,2.37884337028780486e-02
ica,CNAHI.AAGOT,2.52400184152123570e-02
ica,CNAHI.AMINE,4.87233346566674913e-02
ica,CNAHI.ANAFO,7.96065594049003358e-03
ica,CNAHI.ANAHI,1.21563931527761085e-01
ica,CNAHI.ANALM,1.24256298307809116e-02
ica,CNAHI.ANASE,4.35411462396598573e-02
ica,CNALM.AAGEX,2.37990628712591357e-01
ica,CNALM.AAGFO,4.91448217869231263e-01
ica,CNALM.AAGOT,1.20907767290105744e-01
ica,CNALM.AMINE,5.19670949714432173e-01
ica,CNALM.ANAFO,1.21080429695077096e-01
ica,CNALM.ANAHI,5.93224117274355978e-01
ica,CNALM.ANALM,4.10959282854791774e-01
ica,CNALM.ANASE,5.96136895265371169e-01
ica,CNASE.AAGEX,6.99226567757580075e-01
ica,CNASE.AAGFO,4.30665674768928253e-01
ica,CNASE.AAGOT,3.81996857827808567e-01
ica,CNASE.AMINE,3.39850948157517985e-01
ica,CNASE.ANAFO,3.78427563366058761e-01
ica,CNASE.ANAHI,1.62532227825698455e-01
ica,CNASE.ANALM,2.80417522838229349e-01
ica,CNASE.ANASE,3.05228594755292792e-01
inta,AAGEX,4.37670891868617351e-01
inta,AAGFO,3.79415470154783330e-01
inta,AAGOT,5.44184262191741763e-01
inta,AMINE,4.42418881077319581e-01
inta,ANAFO,6.46180346081587254e-01
inta,ANAHI,5.92441090036029627e-01
inta,ANALM,5.76710618859734070e-01
inta,ANASE,3.45781167660763333e-01
iva,AAGEX,5.38003222918869484e-01
iva,AAGFO,6.40115470336248826e-01
iva,AAGOT,3.95253446998221347e-01
iva,AMINE,5.18108559058524598e-01
iva,ANAFO,3.62009832271814991e-01
iva,ANAHI,3.56189806513947660e-01
iva,ANALM,3.87437851584516824e-01
iva,ANASE,6.28130037381083417e-01
mps01,ENTR,1.00000000000000000e+00
mps01,HLSLOW,1.00000000000000000e+00
mps01,HLSUPP,1.00000000000000000e+00
mps01,HSHHLD,1.00000000000000000e+00
mps01,HURBLOW,1.00000000000000000e+00
mps01,HURBUPP,1.00000000000000000e+00
mpsbar,ENTR,9.32507406487941976e-02
mpsbar,HLSLOW,3.22355321923995450e-02
mpsbar,HLSUPP,1.56757580326024548e-01
mpsbar,HSHHLD,3.90438187904431772e-02
mpsbar,HURBLOW,8.54176387956852162e-02
mpsbar,HURBUPP,1.85112011204901949e-01
qbarg,CAGEX,0.00000000000000000e+00
qbarg,CAGFO,0.00000000000000000e+00
qbarg,CAGOT,0.00000000000000000e+00
qbarg,CMINE,0.00000000000000000e+00
qbarg,CNAFO,4.14188102580116194e-02
qbarg,CNAHI,2.14643323309482020e-02
qbarg,CNALM,2.51796809231907615e-01
qbarg,CNASE,4.45904367669036450e+00
qbarinv,CAGOT,-3.03060000000000100e-02
qbarinv,CNAFO,-1.65862999999999983e-01
qbarinv,CNAHI,2.77407173507205584e+00
qbarinv,CNALM,2.74146639435983364e+00
qbarinv,CNASE,3.30969059413760314e-01
qdst,CAGEX,0.00000000000000000e+00
qdst,CAGFO,0.00000000000000000e+00
qdst,CAGOT,0.00000000000000000e+00
qdst,CMINE,0.00000000000000000e+00
qdst,CNAFO,0.00000000000000000e+00
qdst,CNAHI,0.00000000000000000e+00
qdst,CNALM,0.00000000000000000e+00
qdst,CNASE,0.00000000000000000e+00
rhoq,CAGEX,-6.66666666666666741e-01
rhoq,CAGFO,-6.66666666666666741e-01
rhoq,CMINE,3.33333333333333259e-01
rhoq,CNAFO,-1.99999999999999956e-01
rhoq,CNALM,-3.33333333333333370e-01
rhoq,CNASE,1.00000000000000000e+00
rhot,CAGEX,1.80000000000000004e+00
rhot,CAGFO,1.80000000000000004e+00
rhot,CAGOT,1.80000000000000004e+00
rhot,CMINE,1.80000000000000004e+00
rhot,CNAFO,1.50000000000000000e+00
rhot,CNALM,1.50000000000000000e+00
rhot,CNASE,3.00000000000000000e+00
rhova,AAGEX,3.33333333333333259e-01
rhova,AAGFO,3.33333333333333259e-01
rhova,AAGOT,2.97016861219195905e-01
rhova,AMINE,1.00000000000000000e+00
rhova,ANAFO,-3.33333333333333370e-01
rhova,ANAHI,-3.33333333333333370e-01
rhova,ANALM,1.00000000000000000e+00
rhova,ANASE,-1.99359487590072160e-01
shif,ENTR.CAPOT,9.88135995211996132e-01
shif,HLSLOW.LABUSKLS,1.00000000000002776e+00
shif,HLSUPP.CAPLSC,1.00000000000000000e+00
shif,HLSUPP.LABSK,8.29032168481255577e-02
shif,HLSUPP.LANDLS,9.99999999999999778e-01
shif,HSHHLD.CAPSH,1.00000000000000044e+00
shif,HSHHLD.LABUSKIF,3.19569434228754778e-01
shif,HSHHLD.LANDSH,1.00000000000000000e+00
shif,HURBLOW.CAPOT,1.18640047880037621e-02
shif,HURBLOW.LABUSKF,9.99999999999999667e-01
shif,HURBLOW.LABUSKIF,6.80430565771245166e-01
shif,HURBUPP.LABSK,9.17096783151874595e-01
shii,HLSUPP.ENTR,6.25580475832857585e-01
shii,HSHHLD.HURBLOW,7.97563829983076317e-02
shii,HSHHLD.HURBUPP,8.93687904282122747e-03
shii,HURBUPP.ENTR,3.74419524167142304e-01
ta,AAGEX,2.43258852125130924e-02
ta,AAGFO,-1.95309404910323087e-02
ta,AAGOT,6.05622908100369520e-02
ta,AMINE,3.94725598641555639e-02
ta,ANAFO,-8.19017835340220615e-03
ta,ANAHI,5.13691034500224630e-02
ta,ANALM,3.58515295557488983e-02
ta,ANASE,2.60887949581531421e-02
te,CAGEX,0.00000000000000000e+00
te,CAGFO,0.00000000000000000e+00
te,CAGOT,0.00000000000000000e+00
te,CMINE,0.00000000000000000e+00
te,CNAFO,0.00000000000000000e+00
te,CNAHI,0.00000000000000000e+00
te,CNALM,0.00000000000000000e+00
te,CNASE,0.00000000000000000e+00
tf,CAPLSC,0.00000000000000000e+00
tf,CAPOT,0.00000000000000000e+00
tf,CAPSH,0.00000000000000000e+00
tf,LABSK,0.00000000000000000e+00
tf,LABUSKF,0.00000000000000000e+00
tf,LABUSKIF,0.00000000000000000e+00
tf,LABUSKLS,0.00000000000000000e+00
tf,LANDLS,0.00000000000000000e+00
tf,LANDSH,0.00000000000000000e+00
theta,AAGEX.CAGEX,1.00000000000000000e+00
theta,AAGFO.CAGFO,1.00000000000000022e+00
theta,AAGOT.CAGOT,1.00000000000000000e+00
theta,AMINE.CMINE,9.99999999999999778e-01
theta,ANAFO.CNAFO,1.00000000000000000e+00
theta,ANAHI.CNAHI,1.00000000000000022e+00
theta,ANALM.CNALM,9.99999999999999889e-01
theta,ANASE.CNASE,1.00000000000000000e+00
tins01,ENTR,1.00000000000000000e+00
tins01,HLSLOW,1.00000000000000000e+00
tins01,HLSUPP,1.00000000000000000e+00
tins01,HSHHLD,1.00000000000000000e+00
tins01,HURBLOW,1.00000000000000000e+00
tins01,HURBUPP,1.00000000000000000e+00
tinsbar,ENTR,1.46093019854913131e-01
tinsbar,HLSLOW,0.00000000000000000e+00
tinsbar,HLSUPP,7.44278274106302956e-02
tinsbar,HSHHLD,1.24139463066575868e-02
tinsbar,HURBLOW,4.32353314228131475e-02
tinsbar,HURBUPP,9.99917155024190735e-02
tm,CAGEX,3.10637248486972328e-01
tm,CAGFO,2.30174644361019143e-01
tm,CAGOT,0.00000000000000000e+00
tm,CMINE,2.58338544060563335e-01
tm,CNAFO,2.51000129705197084e-01
tm,CNAHI,0.00000000000000000e+00
tm,CNALM,2.37755353785762347e-01
tm,CNASE,1.17977763601050778e-01
tq,CAGEX,0.00000000000000000e+00
tq,CAGFO,0.00000000000000000e+00
tq,CAGOT,0.00000000000000000e+00
tq,CMINE,0.00000000000000000e+00
tq,CNAFO,0.00000000000000000e+00
tq,CNAHI,0.00000000000000000e+00
tq,CNALM,0.00000000000000000e+00
tq,CNASE,0.00000000000000000e+00
trnsfr,ENTR.GOV,1.20921704622422088e+00
trnsfr,ENTR.ROW,-5.36000348279316752e-01
trnsfr,GOV.GOV,0.00000000000000000e+00
trnsfr,GOV.ROW,-1.26914779427723112e-01
trnsfr,HLSLOW.GOV,0.00000000000000000e+00
trnsfr,HLSLOW.ROW,0.00000000000000000e+00
trnsfr,HLSUPP.GOV,6.36121912441244164e-01
trnsfr,HLSUPP.ROW,1.03860952399922893e-01
trnsfr,HSHHLD.GOV,4.80046476769805830e-01
trnsfr,HSHHLD.ROW,0.00000000000000000e+00
trnsfr,HURBLOW.GOV,2.41070955579628210e-01
trnsfr,HURBLOW.ROW,0.00000000000000000e+00
trnsfr,HURBUPP.GOV,1.08628907455597237e-01
trnsfr,HURBUPP.ROW,0.00000000000000000e+00
trnsfr,ROW.CAPLSC,0.00000000000000000e+00
trnsfr,ROW.CAPOT,0.00000000000000000e+00
trnsfr,ROW.CAPSH,0.00000000000000000e+00
trnsfr,ROW.LABSK,2.79745686000434472e-02
trnsfr,ROW.LABUSKF,0.00000000000000000e+00
trnsfr,ROW.LABUSKIF,0.00000000000000000e+00
trnsfr,ROW.LABUSKLS,0.00000000000000000e+00
trnsfr,ROW.LANDLS,0.00000000000000000e+00
trnsfr,ROW.LANDSH,0.00000000000000000e+00
tva,AAGEX,0.00000000000000000e+00
tva,AAGFO,0.00000000000000000e+00
tva,AAGOT,0.00000000000000000e+00
tva,AMINE,0.00000000000000000e+00
tva,ANAFO,0.00000000000000000e+00
tva,ANAHI,0.00000000000000000e+00
tva,ANALM,0.00000000000000000e+00
tva,ANASE,0.00000000000000000e+00
wfdist0,CAPLSC.AAGEX,1.00000000000000000e+00
wfdist0,CAPLSC.AAGFO,1.00000000000000000e+00
wfdist0,CAPLSC.AAGOT,1.00000000000000000e+00
wfdist0,CAPOT.AMINE,1.00000000000000000e+00
wfdist0,CAPOT.ANAFO,1.00000000000000000e+00
wfdist0,CAPOT.ANAHI,1.00000000000000000e+00
wfdist0,CAPOT.ANALM,1.00000000000000000e+00
wfdist0,CAPOT.ANASE,1.00000000000000000e+00
wfdist0,CAPSH.AAGEX,1.00000000000000000e+00
wfdist0,CAPSH.AAGFO,1.00000000000000000e+00
wfdist0,CAPSH.AAGOT,1.00000000000000000e+00
wfdist0,LABSK.AAGEX,9.99300362997465941e-01
wfdist0,LABSK.AAGFO,1.02707910111138867e+00
wfdist0,LABSK.AAGOT,1.02419824727842168e+00
wfdist0,LABSK.AMINE,1.00215333238956661e+00
wfdist0,LABSK.ANAFO,1.00603382038279943e+00
wfdist0,LABSK.ANAHI,1.00209380076574739e+00
wfdist0,LABSK.ANALM,9.99551020561349923e-01
wfdist0,LABSK.ANASE,9.99040488280657391e-01
wfdist0,LABUSKF.AMINE,1.04017340226079513e+00
wfdist0,LABUSKF.ANAFO,1.05270020905763717e+00
wfdist0,LABUSKF.ANAHI,1.01409346070682060e+00
wfdist0,LABUSKF.ANALM,9.99020621719308277e-01
wfdist0,LABUSKF.ANASE,9.91282174911455427e-01
wfdist0,LABUSKIF.AAGEX,1.00970947801312594e+00
wfdist0,LABUSKIF.AAGFO,9.95164944361513926e-01
wfdist0,LABUSKIF.AAGOT,1.00030573719550886e+00
wfdist0,LABUSKIF.ANAHI,1.03445160177303541e+00
wfdist0,LABUSKIF.ANALM,1.00127178993455557e+00
wfdist0,LABUSKIF.ANASE,9.97716512889613161e-01
wfdist0,LABUSKLS.AAGEX,9.73378960000524152e-01
wfdist0,LABUSKLS.AAGFO,1.05527351729157459e+00
wfdist0,LABUSKLS.AAGOT,1.04544104122816939e+00
wfdist0,LANDLS.AAGEX,2.20002708023459004e+00
wfdist0,LANDLS.AAGFO,3.25515330971345496e-01
wfdist0,LANDLS.AAGOT,2.42334944591323920e+00
wfdist0,LANDSH.AAGEX,3.66888890798885559e+00
wfdist0,LANDSH.AAGFO,5.96676898462888516e-01
