variable,index,value
DPI,,1.0069002074588491
EG,,7.477866204999926
EH,HLSUPP,7.464902635262352
EH,HLSLOW,0.11232002824516639
EH,HSHHLD,1.812238008270349
EH,HURBUPP,9.194364453639677
EH,HURBLOW,2.1614490461131965
EXR,,1.052292398559637
GSAV,,-1.3026568264913567
GOVSHR,,0.156966843794879
IADJ,,0.9037680125563811
INVSHR,,0.16502591961934468
MPS,HLSUPP,0.15675758032602455
MPS,HLSLOW,0.032235532192399545
MPS,HSHHLD,0.03904381879044318
MPS,HURBUPP,0.18511201120490195
MPS,HURBLOW,0.08541763879568522
MPS,ENTR,0.0932507406487942
TINS,HLSUPP,0.0744278274106303
TINS,HLSLOW,0.0
TINS,HSHHLD,0.012413946306657587
TINS,HURBUPP,0.09999171550241907
TINS,HURBLOW,0.04323533142281315
TINS,ENTR,0.14609301985491313
PA,AAGEX,1.0401257908536716
PA,AAGFO,1.040650887774833
PA,AAGOT,1.0333334211611684
PA,AMINE,1.006644736073685
PA,ANAFO,1.0159832641810513
PA,ANALM,1.005016718570566
PA,ANAHI,0.9990937923574069
PA,ANASE,1.0115726916298244
PDD,CAGEX,1.0172061197207816
PDD,CAGFO,1.0396680329866643
PDD,CAGOT,1.0331061383068199
PDD,CMINE,0.9760865537279605
PDD,CNAFO,1.0146831477186709
PDD,CNALM,0.9989852112207755
PDD,CNAHI,0.9990937923574388
PDD,CNASE,1.0079549145157962
PDS,CAGEX,1.0172061197207816
PDS,CAGFO,1.0396680329866643
PDS,CAGOT,1.0331061383068199
PDS,CMINE,0.9760865537279605
PDS,CNAFO,1.0146831477186709
PDS,CNALM,0.9989852112207755
PDS,CNAHI,0.9990937923574388
PDS,CNASE,1.0079549145157962
PE,CAGEX,1.052292398559637
PE,CAGFO,1.052292398559637
PE,CAGOT,1.052292398559637
PE,CMINE,1.052292398559637
PE,CNAFO,1.052292398559637
PE,CNALM,1.052292398559637
PE,CNASE,1.052292398559637
PINTA,AAGEX,1.0006939302375935
PINTA,AAGFO,0.9931103948292748
PINTA,AAGOT,1.0100815460520551
PINTA,AMINE,0.9886762157142646
PINTA,ANAFO,1.0127232193623183
PINTA,ANALM,0.9927720545216564
PINTA,ANAHI,0.9848112852934897
PINTA,ANASE,0.9894565686416269
PM,CAGEX,0.9275892376851552
PM,CAGFO,0.9538466088855707
PM,CMINE,0.9442738977146011
PM,CNAFO,0.9467266507013613
PM,CNALM,0.9512271312027246
PM,CNASE,0.9967693336658557
PQ,CAGEX,1.015703370759561
PQ,CAGFO,1.0360562822228854
PQ,CAGOT,1.0331061383068199
PQ,CMINE,0.9733749546100996
PQ,CNAFO,1.0120633612990981
PQ,CNALM,0.9779917475522769
PQ,CNAHI,0.9990937923574388
PQ,CNASE,1.0076515704497042
PVA,AAGEX,1.0722039957206333
PVA,AAGFO,1.0688295513413797
PVA,AAGOT,1.065346562594685
PVA,AMINE,1.0219882630875379
PVA,ANAFO,1.0218023793028512
PVA,ANALM,1.0232431973528815
PVA,ANAHI,1.0228495088283693
PVA,ANASE,1.0237474617823197
PX,CAGEX,1.0401257908536752
PX,CAGFO,1.0406508877746865
PX,CAGOT,1.0333334211611898
PX,CMINE,1.0066447360735657
PX,CNAFO,1.0159832641810667
PX,CNALM,1.0050167185705845
PX,CNAHI,0.9990937923574388
PX,CNASE,1.0115726916298062
PXAC,AAGEX.CAGEX,1.0401257908536716
PXAC,AAGFO.CAGFO,1.0406508877748328
PXAC,AAGOT.CAGOT,1.0333334211611684
PXAC,AMINE.CMINE,1.0066447360736852
PXAC,ANAFO.CNAFO,1.0159832641810513
PXAC,ANALM.CNALM,1.0050167185705663
PXAC,ANAHI.CNAHI,0.9990937923574067
PXAC,ANASE.CNASE,1.0115726916298244
QA,AAGEX,4.455126122165115
QA,AAGFO,1.195849767605041
QA,AAGOT,2.3376760979826265
QA,AMINE,2.305966526125212
QA,ANAFO,5.577962113888302
QA,ANALM,13.02651833876205
QA,ANAHI,3.9864475128086947
QA,ANASE,19.914511064617734
QD,CAGEX,1.5232442352968092
QD,CAGFO,1.1020931796827325
QD,CAGOT,2.3096629813170204
QD,CMINE,1.354082318523432
QD,CNAFO,5.37808192573853
QD,CNALM,11.481029180714003
QD,CNAHI,3.9864475128087276
QD,CNASE,18.272903591092312
QE,CAGEX,2.9311607946910354
QE,CAGFO,0.0937487281576571
QE,CAGOT,0.028007269193272073
QE,CMINE,0.949914227939087
QE,CNAFO,0.19962803032377452
QE,CNALM,1.5418626574868541
QE,CNASE,1.6409056887382165
QF,LABUSKLS.AAGEX,0.18500934804101637
QF,LABUSKLS.AAGFO,0.04462947077106626
QF,LABUSKLS.AAGOT,0.05402718118791738
QF,LABUSKF.AMINE,0.03198051551014795
QF,LABUSKF.ANAFO,0.027549096018585538
QF,LABUSKF.ANALM,0.14103898609318186
QF,LABUSKF.ANAHI,0.06361820197527862
QF,LABUSKF.ANASE,0.404946200402807
QF,LABUSKIF.AAGEX,0.1430716421182272
QF,LABUSKIF.AAGFO,0.2705380432055306
QF,LABUSKIF.AAGOT,0.40878932804057727
QF,LABUSKIF.ANALM,0.400883327053421
QF,LABUSKIF.ANAHI,0.05682021564869742
QF,LABUSKIF.ANASE,1.2378974439335513
QF,LABSK.AAGEX,0.017300288272400228
QF,LABSK.AAGFO,0.0017440764405211877
QF,LABSK.AAGOT,0.002511980491356495
QF,LABSK.AMINE,0.010326645623241353
QF,LABSK.ANAFO,0.0079554093157157
QF,LABSK.ANALM,0.05421673356869816
QF,LABSK.ANAHI,0.021387044302076847
QF,LABSK.ANASE,0.19210882198599002
QF,CAPLSC.AAGEX,1.2187041076290066
QF,CAPLSC.AAGFO,0.20459135038009013
QF,CAPLSC.AAGOT,0.29307226941792075
QF,CAPSH.AAGEX,0.03715667438243271
QF,CAPSH.AAGFO,0.08640084431290433
QF,CAPSH.AAGOT,0.13971740278472153
QF,CAPOT.AMINE,0.8269552698216834
QF,CAPOT.ANAFO,1.7311407644808372
QF,CAPOT.ANALM,2.811041411576281
QF,CAPOT.ANAHI,0.6123196907875272
QF,CAPOT.ANASE,4.862340993000578
QF,LANDLS.AAGEX,0.16402631120326946
QF,LANDLS.AAGFO,0.32125847903290833
QF,LANDLS.AAGOT,0.01526920976382229
QF,LANDSH.AAGEX,0.3783127008213823
QF,LANDSH.AAGFO,2.4834872991786043
QG,CNAFO,0.04141881025801162
QG,CNALM,0.2517968092319076
QG,CNAHI,0.021464332330948202
QG,CNASE,4.4590436766903645
QH,CAGEX.HSHHLD,0.08165919520671266
QH,CAGFO.HLSUPP,0.06278699741711549
QH,CAGFO.HLSLOW,0.022981124239991397
QH,CAGFO.HSHHLD,0.40739217986865456
QH,CAGFO.HURBUPP,0.1362497289594941
QH,CAGFO.HURBLOW,0.274218415775202
QH,CAGOT.HLSUPP,0.37338521482329917
QH,CAGOT.HLSLOW,0.01562610734017353
QH,CAGOT.HSHHLD,0.37178455424533147
QH,CAGOT.HURBUPP,0.05295752061914347
QH,CAGOT.HURBLOW,0.17903727173817724
QH,CNAFO.HLSUPP,1.8316823625150969
QH,CNAFO.HLSLOW,0.025876602517815397
QH,CNAFO.HSHHLD,0.26085491344340844
QH,CNAFO.HURBUPP,2.107554178753995
QH,CNAFO.HURBLOW,0.5647031100146971
QH,CNALM.HLSUPP,2.734214510412384
QH,CNALM.HLSLOW,0.034070867564471294
QH,CNALM.HSHHLD,0.3993545316761922
QH,CNALM.HURBUPP,3.773245653922568
QH,CNALM.HURBLOW,0.7431459481379891
QH,CNAHI.HLSUPP,0.11747020068481011
QH,CNAHI.HLSLOW,0.00240174645214889
QH,CNAHI.HSHHLD,0.012498764475574766
QH,CNAHI.HURBUPP,0.4112796774659535
QH,CNAHI.HURBLOW,0.07283251055848498
QH,CNASE.HLSUPP,2.3509352836592288
QH,CNASE.HLSLOW,0.010378095360398276
QH,CNASE.HSHHLD,0.2541233385710365
QH,CNASE.HURBUPP,2.743411470266972
QH,CNASE.HURBLOW,0.3188665580466383
QINT,CAGEX.ANAFO,0.3548146432630793
QINT,CAGEX.ANALM,1.1078654393705698
QINT,CAGEX.ANASE,0.008375123755803468
QINT,CAGFO.ANAFO,0.25298969035929686
QINT,CAGOT.AAGEX,0.008236458178710639
QINT,CAGOT.AAGOT,0.2509065351418796
QINT,CAGOT.ANAFO,0.8513578028156294
QINT,CAGOT.ANALM,0.14058315580988975
QINT,CAGOT.ANASE,0.09317795399332217
QINT,CMINE.AMINE,0.09360850099333796
QINT,CMINE.ANAFO,0.04235831478399898
QINT,CMINE.ANALM,0.936246293311648
QINT,CMINE.ANAHI,0.289737034491924
QINT,CMINE.ANASE,0.11983862767107381
QINT,CNAFO.AAGEX,0.07437898923872491
QINT,CNAFO.AAGFO,0.024545407571407482
QINT,CNAFO.AAGOT,0.34935318809891297
QINT,CNAFO.ANAFO,0.27374452278228356
QINT,CNAFO.ANALM,0.040498630858872224
QINT,CNAFO.ANASE,0.15798466207521095
QINT,CNALM.AAGEX,0.46405293466275266
QINT,CNALM.AAGFO,0.2229818029493727
QINT,CNALM.AAGOT,0.15380997997914167
QINT,CNALM.AMINE,0.5301699296194771
QINT,CNALM.ANAFO,0.43641860653002146
QINT,CNALM.ANALM,3.087344538240117
QINT,CNALM.ANAHI,1.4010383444272618
QINT,CNALM.ANASE,4.105036151439355
QINT,CNAHI.AAGEX,0.03980342420778397
QINT,CNAHI.AAGFO,0.010793380957626714
QINT,CNAHI.AAGOT,0.032108497362308606
QINT,CNAHI.AMINE,0.049707698534902214
QINT,CNAHI.ANAFO,0.028693145385780206
QINT,CNAHI.ANALM,0.09334793492378637
QINT,CNAHI.ANAHI,0.2871018294944911
QINT,CNAHI.ANASE,0.29982707127923347
QINT,CNASE.AAGEX,1.3634072169872047
QINT,CNASE.AAGFO,0.195403310331949
QINT,CNASE.AAGOT,0.4859483420416991
QINT,CNASE.AMINE,0.34671700114234144
QINT,CNASE.ANAFO,1.363992763262233
QINT,CNASE.ANALM,2.1066454602202835
QINT,CNASE.ANAHI,0.3838581014461334
QINT,CNASE.ANASE,2.1018232991027053
QINTA,AAGEX,1.9498790232751773
QINTA,AAGFO,0.453723901810352
QINTA,AAGOT,1.2721265426239339
QINTA,AMINE,1.0202031302900698
QINTA,ANAFO,3.6043694891823246
QINTA,ANALM,7.51253145273518
QINTA,ANAHI,2.3617353098598346
QINTA,ANASE,6.886062889316712
QINV,CAGOT,-0.02738959338853361
QINV,CNAFO,-0.1499016738666391
QINV,CNALM,2.477649634720705
QINV,CNAHI,2.5071172986948813
QINV,CNASE,0.2991192490440247
QM,CAGEX,0.02980186967440015
QM,CAGFO,0.055051239710588604
QM,CMINE,0.12775375290933144
QM,CNAFO,0.22523072041487321
QM,CNALM,9.34252667564401
QM,CNASE,0.5107849633786201
QQ,CAGEX,1.5527144015961647
QQ,CAGFO,1.156618136619764
QQ,CAGOT,2.3096629813170204
QQ,CMINE,1.4817887712519748
QQ,CNAFO,5.602693704261673
QQ,CNALM,20.814330243513684
QQ,CNAHI,3.9864475128087276
QQ,CNASE,18.783673166173227
QVA,AAGEX,2.3968722122348773
QVA,AAGFO,0.7654819364419716
QVA,AAGOT,0.9239745356929869
QVA,AMINE,1.1947409940879847
QVA,ANAFO,2.019277129267243
QVA,ANALM,5.046966278796278
QVA,ANAHI,1.4199319682653369
QVA,ANASE,12.508902579444337
QX,CAGEX,4.455126122165114
QX,CAGFO,1.1958497676050415
QX,CAGOT,2.3376760979826035
QX,CMINE,2.3059665261252116
QX,CNAFO,5.577962113888302
QX,CNALM,13.02651833876205
QX,CNAHI,3.9864475128087276
QX,CNASE,19.914511064617734
QXAC,AAGEX.CAGEX,4.455126122165115
QXAC,AAGFO.CAGFO,1.1958497676050412
QXAC,AAGOT.CAGOT,2.3376760979826265
QXAC,AMINE.CMINE,2.3059665261252116
QXAC,ANAFO.CNAFO,5.577962113888302
QXAC,ANALM.CNALM,13.026518338762049
QXAC,ANAHI.CNAHI,3.9864475128086956
QXAC,ANASE.CNASE,19.914511064617734
TABS,,30.59742293605178
TRII,HLSUPP.ENTR,5.615057449053776
TRII,HSHHLD.HURBUPP,0.08290987855388289
TRII,HSHHLD.HURBLOW,0.18733013168274534
TRII,HURBUPP.ENTR,3.360698134715441
WALRAS,,6.186719415145076e-12
WF,LABUSKLS,0.4091525299658063
WF,LABUSKF,1.152087471030927
WF,LABUSKIF,0.8993759697650991
WF,LABSK,32.64331489953403
WF,CAPLSC,1.0917499863705855
WF,CAPSH,1.0928177804262518
WF,CAPOT,1.0216573561972753
WF,LANDLS,0.9957298317769607
WF,LANDSH,0.05154138885562195
YF,LABUSKLS,0.11606132688423257
YF,LABUSKF,0.7708592259133822
YF,LABUSKIF,2.2644908449994725
YF,LABSK,10.03955775728184
YF,CAPLSC,1.873844443025338
YF,CAPSH,0.28771151533373535
YF,CAPOT,11.07864612829261
YF,LANDLS,0.5002940164105556
YF,LANDSH,0.14791485754546496
YG,,6.175209378508583
YIF,HLSUPP.LABSK,0.8298711765091469
YIF,HLSUPP.CAPLSC,1.873844443025338
YIF,HLSUPP.LANDLS,0.5002940164105555
YIF,HLSLOW.LABUSKLS,0.11606132688423579
YIF,HSHHLD.LABUSKIF,0.7236620581526766
YIF,HSHHLD.CAPSH,0.28771151533373546
YIF,HSHHLD.LANDSH,0.14791485754546496
YIF,HURBUPP.LABSK,9.180249154881999
YIF,HURBLOW.LABUSKF,0.770859225913382
YIF,HURBLOW.LABUSKIF,1.540828786846796
YIF,HURBLOW.CAPOT,0.1314371107106622
YIF,ENTR.CAPOT,10.947209017581946
YI,HLSUPP,9.564481088157615
YI,HLSLOW,0.11606132688423579
YI,HSHHLD,1.909574918038319
YI,HURBUPP,12.649576197052982
YI,HURBLOW,2.6841960790504893
YI,ENTR,11.592396971686503
